Date,Close/Last,Volume,Open,High,Low
04/29/2022,$170.9,2892924,$174.47,$178.11,$170.64
04/28/2022,$177.25,3107041,$172.06,$179.43,$170.31
04/27/2022,$170.76,3341974,$166.645,$172.41,$165.67
04/26/2022,$167.75,3369815,$169.98,$170.96,$167.36
04/25/2022,$172.84,2781896,$169.96,$173.5,$169.01
04/22/2022,$170.75,2165393,$174.76,$175.33,$170.015
04/21/2022,$174.85,2346331,$181.26,$183.22,$174.36
04/20/2022,$178.79,2685040,$180.67,$185.28,$178.37
04/19/2022,$178.65,2979308,$170.225,$179.28,$170.225
04/18/2022,$173.25,2138362,$169.7,$176.73,$169.15
04/14/2022,$170,2698294,$171.26,$172.51,$168.79
04/13/2022,$171.03,2922829,$167.51,$171.355,$165.63
04/12/2022,$166.23,3138920,$169.83,$170.47,$165.08
04/11/2022,$165.52,3346946,$165.43,$168.1568,$164.75
04/08/2022,$167.5,5746516,$170.52,$170.72,$165.26
04/07/2022,$172.92,2016251,$172.51,$175.56,$169.44
04/06/2022,$174.02,3754899,$170.845,$177.25,$169.78
04/05/2022,$175.07,4235069,$180.4,$181.18,$172.78
04/04/2022,$182.61,1844316,$181.72,$184.75,$180.68
04/01/2022,$182.02,2417287,$187.12,$187.12,$179.15
03/31/2022,$185.08,2627237,$188.45,$189.28,$184.76
03/30/2022,$187.33,1922403,$192.76,$194.39,$186.2301
03/29/2022,$194.74,2083094,$193.38,$196.352,$190.72
03/28/2022,$189.42,2490428,$188.38,$190.11,$183.99
03/25/2022,$190.46,1768614,$191.58,$191.84,$186.4
03/24/2022,$191.08,2320544,$188.2,$191.38,$184.25
03/23/2022,$183.59,1865360,$185.05,$188.54,$183.44
03/22/2022,$187.75,2797117,$189.95,$192.19,$187.51
03/21/2022,$190.51,1895251,$190.87,$193.23,$186.53
03/18/2022,$192.42,3132082,$187.51,$192.85,$184.68
03/17/2022,$189.77,1488967,$187.03,$190.32,$185.14
03/16/2022,$188.32,2846085,$181.37,$188.42,$178.18
03/15/2022,$178.44,2183095,$172.86,$179.03,$172.71
03/14/2022,$171.71,2515948,$178.38,$179.64,$170.22
03/11/2022,$178.56,2176907,$183.98,$185.27,$178.16
03/10/2022,$180.5,1899207,$179.24,$181.32,$175.82
03/09/2022,$183.35,3108923,$183,$186.27,$182.2
03/08/2022,$176.9,4006618,$170.62,$185.44,$168.74
03/07/2022,$169.72,2992458,$177.785,$179.1,$169.55
03/04/2022,$176.45,3190789,$182.48,$183.23,$174.1612
03/03/2022,$184.7,2591638,$189.42,$189.92,$184.05
03/02/2022,$188.35,3191781,$183.02,$190.47,$182.63
03/01/2022,$181.18,2997848,$189.61,$189.985,$179.23
02/28/2022,$190.12,2741126,$191.43,$192.73,$186.73
02/25/2022,$194.2,2058741,$190.49,$194.32,$185.58
02/24/2022,$191.42,3208633,$179.12,$191.73,$178.305
02/23/2022,$185.15,2612345,$190.48,$194.6,$185.03
02/22/2022,$187.24,2361659,$185.18,$191.605,$183.91
02/18/2022,$187.09,2691821,$188.77,$190.14,$185.19
02/17/2022,$187.61,2763054,$196.4,$197.45,$187.39
02/16/2022,$199.66,1969413,$195.45,$200.64,$193
02/15/2022,$196.62,2810008,$190.5,$196.9,$189.21
02/14/2022,$185.88,2040009,$187.84,$191.67,$183.97
02/11/2022,$186.74,3738556,$200.01,$200.97,$185.18
02/10/2022,$199.05,2466782,$204.36,$209.62,$198.13
02/09/2022,$209.76,3113012,$205.49,$210,$200.5
02/08/2022,$202.53,2306046,$197.29,$203.32,$196.085
02/07/2022,$196.92,2169490,$198.4,$201.91,$196.06
02/04/2022,$198.12,3205417,$196.97,$200.11,$190.79
02/03/2022,$198.34,4263591,$206.72,$208.7999,$197.8
02/02/2022,$210.35,2863864,$209.63,$211.8336,$205.6849
02/01/2022,$208.2,4066217,$208.99,$210.99,$200.01
01/31/2022,$205.44,5679858,$190.39,$205.9,$190
01/28/2022,$189.45,4949076,$186.48,$189.53,$180.12
01/27/2022,$187.96,3786899,$200.874,$201.02,$186.39
01/26/2022,$196.96,3470576,$200.45,$205.25,$193.54
01/25/2022,$194.77,3855581,$197.2,$199.875,$193.39
01/24/2022,$203.07,3739096,$195.83,$203.47,$188.07
01/21/2022,$199.95,3812039,$197.33,$207.73,$196.8
01/20/2022,$199.61,2885044,$208,$211.77,$199.41
01/19/2022,$210.95,1888253,$217.94,$220.45,$210.78
01/18/2022,$217.42,2349413,$220,$221.165,$216.7425
01/14/2022,$225.29,1722896,$218.71,$225.39,$218.07
01/13/2022,$221.86,2910990,$231.99,$232.36,$220.6
01/12/2022,$229.02,1262999,$229.06,$231.4,$225.86
01/11/2022,$227.54,1755379,$222.67,$227.75,$220.755
01/10/2022,$221.83,1926494,$220.05,$222.14,$214.7
01/07/2022,$221.33,1760182,$228,$229.99,$219.88
01/06/2022,$226.96,1957799,$225.5,$228.76,$224.11
01/05/2022,$224.57,1963533,$231.75,$234.28,$224.26
01/04/2022,$232.87,1964983,$232.41,$234.9,$225.455
01/03/2022,$231.22,1519604,$228.39,$233.37,$228.07
12/31/2021,$227.78,1023020,$229.15,$231.5,$227.35
12/30/2021,$228.6,886359,$230.53,$232.6,$228.3
12/29/2021,$230.52,1116978,$230.39,$233.37,$229.9
12/28/2021,$231.02,1362273,$233.81,$234.42,$228.58
12/27/2021,$232.78,1235993,$228.65,$232.85,$227.6
12/23/2021,$227.35,920491,$226.76,$229.185,$226.26
12/22/2021,$226.76,1057962,$223.05,$226.88,$221.71
12/21/2021,$224.37,1603774,$221.55,$224.7,$219.05
12/20/2021,$217.65,1336333,$215.49,$219.685,$214.6101
12/17/2021,$218.71,4671428,$216.235,$222.54,$214.45
12/16/2021,$217.95,3223834,$228.84,$229.31,$217.65
12/15/2021,$229.38,2565658,$221.34,$229.62,$218.775
12/14/2021,$219.99,1687336,$218.91,$221.63,$216.75
12/13/2021,$221.79,1966590,$228.3776,$228.3776,$220.06
12/10/2021,$226.46,1751518,$228.56,$228.88,$223.03
12/09/2021,$225.16,1990848,$225.35,$228.56,$224.75
12/08/2021,$228.09,3880058,$229.01,$229.8,$221.09
12/07/2021,$238.9,2934410,$228.99,$239.91,$228
12/06/2021,$224.28,2223768,$227.8,$228.309,$217.43
12/03/2021,$227.12,2743793,$225,$228.455,$221.56
12/02/2021,$222.73,1934818,$220.27,$225.9,$218.18
12/01/2021,$223,3223503,$227.34,$234.6799,$222.71
11/30/2021,$223.36,5141720,$222.7,$227.815,$218.3
11/29/2021,$223.94,2412931,$216.75,$224.26,$215.1
11/26/2021,$212.45,1776506,$213.12,$217.56,$210.25
11/24/2021,$221.03,1631247,$216.6,$221.22,$214.32
11/23/2021,$219.12,2070018,$221.41,$224.09,$215.57
11/22/2021,$221.87,2846054,$222.31,$225.6615,$219.44
11/19/2021,$221.26,2124255,$220.58,$221.81,$219.64
11/18/2021,$220.58,2495127,$218.76,$220.67,$216.36
11/17/2021,$217.81,1376544,$219.26,$219.26,$215.67
11/16/2021,$219.26,1497233,$215.2,$219.97,$214.4
11/15/2021,$215.68,2003327,$221,$221,$215.19
11/12/2021,$217.82,2828996,$219.58,$220.54,$214.41
11/11/2021,$219.1,4639660,$223.26,$223.34,$214.15
11/10/2021,$214.22,2262187,$218.46,$220.185,$212.77
11/09/2021,$221.05,1625224,$223.24,$223.38,$218.34
11/08/2021,$223.08,3829726,$223.663,$227.5,$221.26
11/05/2021,$224.25,2835945,$220,$224.79,$219.945
11/04/2021,$219.26,2326381,$215.99,$219.43,$215
11/03/2021,$215.78,3378886,$207.49,$217.13,$206.72
11/02/2021,$206.56,2991342,$205.52,$208.47,$203.18
11/01/2021,$205.13,3419033,$202.62,$206.58,$202.01
10/29/2021,$200.86,1604843,$197.74,$201.81,$197.215
10/28/2021,$199.9,1931000,$194.34,$200.13,$194.14
10/27/2021,$192.41,2882646,$193.72,$195.18,$190.84
10/26/2021,$196.15,2706811,$201.08,$201.1625,$193.77
10/25/2021,$200.29,1390539,$200.66,$202.13,$199.775
10/22/2021,$199.93,1829466,$201.58,$203.43,$199.88
10/21/2021,$201.25,1688657,$196.3,$201.52,$196
10/20/2021,$197.52,2100397,$196.56,$199.79,$194.79
10/19/2021,$196.95,2100596,$192.83,$197.13,$191.52
10/18/2021,$192.26,2028233,$188.21,$192.32,$187.15
10/15/2021,$189.81,1772478,$190.39,$191.73,$189.1
10/14/2021,$189.1,2682375,$187,$189.94,$186.76
10/13/2021,$183.1,2767065,$184.42,$186.22,$182.41
10/12/2021,$183.19,3021017,$187.15,$187.745,$182.335
10/11/2021,$185.94,2144042,$189.34,$191.16,$185.735
10/08/2021,$190.31,1394358,$194.51,$194.67,$189.99
10/07/2021,$193.85,1514519,$193.51,$197.37,$193.51
10/06/2021,$190.9,1847474,$188.67,$191.94,$188.41
10/05/2021,$191.63,2246386,$190.69,$193.59,$188.68
10/04/2021,$188.95,2551739,$193.71,$193.94,$187.91
10/01/2021,$192.89,3381558,$196.33,$197.28,$191
09/30/2021,$195.87,2344655,$200.57,$201.49,$195.71
09/29/2021,$198.75,1976559,$202.91,$203.79,$197.86
09/28/2021,$206.19,2201949,$212.65,$214,$205.95
09/27/2021,$216.69,1069800,$214.2,$218.14,$212.72
09/24/2021,$216.67,1096875,$215.01,$218.02,$214.03
09/23/2021,$216.35,1430769,$214.15,$218.08,$213.01
09/22/2021,$213.08,1734668,$207.805,$213.27,$207.11
09/21/2021,$206.06,1524286,$204.66,$207.77,$203.01
09/20/2021,$202.78,2959538,$204.91,$205,$198.94
09/17/2021,$209.33,4877768,$211.63,$212.19,$207.91
09/16/2021,$213.03,1502921,$211.029,$213.71,$208.785
09/15/2021,$212.34,1414786,$212.67,$212.7,$209.9672
09/14/2021,$211.48,1405483,$216.11,$216.3236,$211.15
09/13/2021,$214.77,1416557,$214.43,$216.26,$211.68
09/10/2021,$212.12,1835643,$212.94,$216.5,$212
09/09/2021,$210.46,2448040,$209.83,$211.914,$209
09/08/2021,$208.12,1740924,$211.94,$212.74,$207.25
09/07/2021,$212.86,1822880,$213.45,$213.49,$211.36
09/03/2021,$212.99,1813864,$213.09,$215.38,$212.3
09/02/2021,$211.91,1856214,$212.92,$213.225,$210.705
09/01/2021,$211.5,2551875,$215.445,$215.86,$211.45
08/31/2021,$215.13,5156665,$222.25,$222.25,$209.8
08/30/2021,$227.64,1150568,$227.34,$228.72,$225.55
08/27/2021,$226.51,1746227,$222.77,$226.88,$221.99
08/26/2021,$222.24,2331314,$217.24,$223.38,$215.63
08/25/2021,$217.79,1909335,$216,$219.08,$215.29
08/24/2021,$214.52,1688089,$212.275,$215.06,$211.825
08/23/2021,$210.63,1739300,$206.34,$211.31,$206.34
08/20/2021,$205,1325109,$202.7,$205.23,$202.35
08/19/2021,$203.02,2372224,$200.75,$203.42,$199.61
08/18/2021,$203.82,1536738,$206.5,$208.07,$203.6
08/17/2021,$206.5,2280923,$211.28,$211.77,$204.6
08/16/2021,$213.18,1543381,$212.98,$214.6,$211.98
08/13/2021,$215.26,1421455,$214.14,$216.82,$213.515
08/12/2021,$214.53,2399837,$216.45,$217.23,$213.38
08/11/2021,$218.42,1475465,$217.67,$218.84,$214.01
08/10/2021,$217.26,1564729,$216.71,$218.03,$214.19
08/09/2021,$217.11,2147325,$215.12,$218.16,$212.92
08/06/2021,$213.75,1259830,$211.69,$214.32,$211.69
08/05/2021,$212.9,1778006,$213.32,$214.88,$211.11
08/04/2021,$212.43,1818050,$211.13,$214.34,$209.64
08/03/2021,$210.53,2082363,$210.1,$210.99,$203.04
08/02/2021,$208.98,3383940,$210.195,$215.89,$208.56
07/30/2021,$206.39,1635734,$202.34,$206.67,$202.02
07/29/2021,$204.27,1671267,$201.765,$204.825,$201.02
07/28/2021,$198.58,1752904,$195.16,$200.1,$195.16
07/27/2021,$194.25,2024750,$196.53,$197,$190.65
07/26/2021,$198.16,1535792,$196,$198.72,$195.73
07/23/2021,$196.35,1933382,$195.69,$196.94,$193.79
07/22/2021,$194.31,1926367,$196.84,$196.84,$192.25
07/21/2021,$198.62,1890946,$193,$198.68,$193
07/20/2021,$193.31,1797142,$189.09,$195.02,$187.84
07/19/2021,$188.62,2592730,$187.56,$189.37,$184.92
07/16/2021,$190.11,2342466,$195.39,$197.27,$189.54
07/15/2021,$194.41,3958025,$197.25,$199.565,$192.81
07/14/2021,$203.55,1612932,$206.56,$208.75,$202.56
07/13/2021,$204,1708456,$203.71,$204.83,$202.885
07/12/2021,$204.41,2090411,$202.4,$204.49,$200.72
07/09/2021,$200.35,1384639,$196.1,$201.25,$194.805
07/08/2021,$195.99,1930507,$194.22,$197.13,$191.75
07/07/2021,$198.35,2079248,$203,$203.47,$197.785
07/06/2021,$201.74,2135924,$202.73,$203.92,$199.85
07/02/2021,$202.73,1197251,$203.19,$203.94,$200.94
07/01/2021,$201.86,1551643,$205.54,$205.71,$201.27
06/30/2021,$205.72,2168235,$207.58,$207.67,$203.63
06/29/2021,$207.7,1802303,$205.68,$207.95,$204.91
06/28/2021,$206.18,1931315,$205.85,$206.77,$203.46
06/25/2021,$204.17,13139830,$204.47,$206.4,$202.44
06/24/2021,$203.83,2570373,$200.99,$205.11,$200.39
06/23/2021,$199.15,1672159,$196.0941,$199.87,$195.9363
06/22/2021,$197.4,1645993,$197.71,$198.71,$195.72
06/21/2021,$198.46,2312304,$194.35,$198.68,$193.492
06/18/2021,$193.1,4796644,$195.62,$197.02,$192.71
06/17/2021,$198.43,1781262,$199.77,$201.18,$195.29
06/16/2021,$200.26,2017800,$204,$204.44,$197.41
06/15/2021,$202.99,2071361,$202.79,$204.9645,$201.86
06/14/2021,$203.57,2099760,$201.55,$204.47,$199.08
06/11/2021,$201.13,1811078,$201.01,$202.4139,$199.43
06/10/2021,$201.05,2371541,$198,$202.66,$197.7
06/09/2021,$197.38,1939020,$198.71,$199.6,$196.52
06/08/2021,$198.25,3322628,$203.08,$203.08,$197.5
06/07/2021,$201.15,2587813,$202,$202,$199.72
06/04/2021,$202,3485632,$201.35,$203.25,$200.67
06/03/2021,$200.75,3895075,$205.59,$205.77,$200.63
06/02/2021,$207.85,1764834,$207.12,$208.56,$205.49
06/01/2021,$207.91,2264873,$212.85,$214.3,$207.65
05/28/2021,$211.42,2239041,$210.5,$213.29,$209.7
05/27/2021,$210.22,3503847,$206.51,$210.41,$205
05/26/2021,$206.14,1983290,$204.69,$207.86,$204.02
05/25/2021,$204.76,1916588,$206,$206.635,$204.13
05/24/2021,$204.38,2078638,$200.7404,$205.7,$200.7404
05/21/2021,$199.84,2237229,$201.13,$202.32,$199.18
05/20/2021,$199.67,2641454,$195.59,$200.62,$195.59
05/19/2021,$194.94,2749191,$187.16,$195.81,$186.12
05/18/2021,$191.25,2288571,$193.07,$195.35,$191.175
05/17/2021,$191.18,2244208,$190.26,$191.47,$187.24
05/14/2021,$192.27,2953904,$188.8,$194.95,$188.155
05/13/2021,$186.44,2586306,$184.85,$189.13,$184.69
05/12/2021,$182.78,3820518,$187.79,$189.99,$181.72
05/11/2021,$192.54,3037617,$183.42,$192.825,$182.59
05/10/2021,$189.03,2850684,$195.3,$196.41,$188.91
05/07/2021,$197.92,3321426,$195,$198.5,$193.33
05/06/2021,$192.52,2785646,$189.42,$192.62,$186.26
05/05/2021,$190.41,4243267,$192.02,$192.73,$188.47
05/04/2021,$191.09,4444270,$188.5,$191.75,$185.2
05/03/2021,$191.84,2245296,$194.75,$195.94,$190.47
04/30/2021,$192.51,3704579,$197.27,$198.33,$191.05
04/29/2021,$200.76,1982458,$201.2,$201.655,$196.4
04/28/2021,$198.65,2191533,$203.89,$203.89,$198.35
04/27/2021,$203.4,2790727,$207.78,$209.19,$202.46
04/26/2021,$205.02,3238934,$202.4,$206.72,$202.1
04/23/2021,$201.56,3211226,$198.09,$202.77,$197.94
04/22/2021,$196.25,2380142,$201.24,$202.07,$195.88
04/21/2021,$201.13,2747806,$194.16,$201.345,$192.46
04/20/2021,$193.86,3197858,$193.86,$196.59,$192.355
04/19/2021,$194.76,2686010,$199.37,$199.555,$191.99
04/16/2021,$199.38,2187730,$201.19,$202.08,$199.0109
04/15/2021,$201.77,1858183,$202.76,$202.76,$198.53
04/14/2021,$199.89,2879118,$201.197,$203.33,$198.59
04/13/2021,$202,3033617,$207.32,$207.79,$200.72
04/12/2021,$207.94,1686526,$207.98,$208.22,$204.87
04/09/2021,$209.19,1878028,$207.45,$209.515,$206.04
04/08/2021,$209.21,3177343,$209,$210.67,$207.09
04/07/2021,$212.14,1522760,$211.9,$213.39,$210.26
04/06/2021,$212.91,2177545,$212.61,$214.7,$208.66
04/05/2021,$214.7,2663653,$211.34,$216.43,$209.63
04/01/2021,$208.08,2662814,$205.2684,$208.31,$204.1406
03/31/2021,$201.34,2854055,$200.02,$203.2,$198
03/30/2021,$197.77,2324541,$192.39,$198.81,$192.2701
03/29/2021,$194.14,2707334,$196.91,$197.66,$191.88
03/26/2021,$199,3096230,$190.79,$199.43,$189.07
03/25/2021,$191.31,3512554,$182.66,$192,$182.28
03/24/2021,$187.28,2892968,$193.253,$194.51,$187.25
03/23/2021,$191.62,4748174,$200.11,$200.23,$189.79
03/22/2021,$200.4,5876913,$203.11,$206.12,$196.65
03/19/2021,$202.04,53102150,$196.35,$204.53,$193.22
03/18/2021,$198.59,8299011,$204.15,$208.25,$197.69
03/17/2021,$208.34,7321590,$199.562,$209.59,$199
03/16/2021,$202.78,6890131,$201.1,$206.21,$200.64
03/15/2021,$199.91,12106500,$196.804,$200,$194.21
03/12/2021,$183.47,2077994,$184.89,$186.66,$181.79
03/11/2021,$188.5,3206896,$186.69,$189.4894,$185.03
03/10/2021,$180.43,2240150,$186.04,$187.35,$180.23
03/09/2021,$183.82,3687954,$176.13,$185.24,$175
03/08/2021,$171,3168847,$178.82,$183.58,$170.15
03/05/2021,$180.9,5076480,$174.228,$182.06,$166.04
03/04/2021,$167.28,3754462,$173.59,$176.6766,$164.19
03/03/2021,$175.99,2418931,$182.6,$184.17,$175.53
03/02/2021,$182.27,2770941,$189,$189.76,$182.06
03/01/2021,$187.3,4355404,$186.52,$187.9,$183.32
02/26/2021,$182.55,2929054,$182.04,$184.17,$177.1248
02/25/2021,$178.52,3366284,$186.51,$188,$178.05
02/24/2021,$186.21,3161739,$178,$186.82,$176.93
02/23/2021,$181.08,5191278,$183.87,$183.87,$175.33
02/22/2021,$185.61,2407842,$190.8,$192.4,$184.97
02/19/2021,$191.59,2193910,$189.41,$192.755,$188.49
02/18/2021,$185.88,2774932,$187.5,$188.95,$183.05
02/17/2021,$189.69,2395727,$192.575,$194.9394,$187.91
02/16/2021,$195.43,2177964,$199.46,$200.19,$193.685
02/12/2021,$194.39,1671733,$193.17,$195.89,$190.856
02/11/2021,$194,2611688,$188.4,$194.7566,$188.4
02/10/2021,$187.9,2839843,$191.61,$191.925,$183.39
02/09/2021,$188.04,1702813,$187.35,$188.4,$184.47
02/08/2021,$188.12,2333011,$184.7,$188.15,$184
02/05/2021,$181.99,3031417,$182.95,$184.13,$181.06
02/04/2021,$181.45,2703071,$175.89,$181.45,$175.15
02/03/2021,$174.1,3272585,$179.99,$181.74,$173.11
02/02/2021,$177.21,6621774,$180,$183,$170.7
02/01/2021,$171.53,4953011,$166.44,$172.44,$166.0951
01/29/2021,$160.47,3535396,$164.15,$167.545,$159.805
01/28/2021,$164.33,2484770,$166.525,$166.8,$162.38
01/27/2021,$160.56,3714458,$162.72,$164.43,$156.02
01/26/2021,$168.75,2231333,$174.42,$174.46,$168.66
01/25/2021,$174.42,2006144,$176.69,$176.75,$171.03
01/22/2021,$172.3,1974237,$172.57,$175.17,$171.915
01/21/2021,$173.62,2187707,$176.64,$176.75,$171.73
01/20/2021,$174.49,2590775,$178.86,$180.305,$173.71
01/19/2021,$175,2522440,$177.31,$178.5,$174.54
01/15/2021,$172.22,3598873,$179.64,$179.84,$168.451
01/14/2021,$180,2617678,$178.62,$181.09,$178.62
01/13/2021,$177.42,1750309,$177.99,$177.99,$176.18
01/12/2021,$176.08,3112116,$174.29,$179,$173.23
01/11/2021,$173.21,3001045,$174.39,$176.46,$171.93
01/08/2021,$175.03,2827979,$181.375,$182.55,$171.5
01/07/2021,$174.99,2485549,$172.09,$176.5,$171.93
01/06/2021,$168.72,2686489,$164.61,$171.8,$164.61
01/05/2021,$165.67,1980562,$161.53,$165.965,$161.12
01/04/2021,$162.04,2931612,$160.33,$165.84,$158.615
12/31/2020,$159.01,839304,$159.86,$160.23,$158.61
12/30/2020,$159.39,888929,$157.5,$159.74,$156.71
12/29/2020,$155.91,1043352,$158.8,$159.525,$154.75
12/28/2020,$158.17,1063626,$159.5,$161.8,$157.91
12/24/2020,$157.33,480480,$157.72,$157.93,$156.515
12/23/2020,$156.86,1571319,$157.94,$158.63,$156.81
12/22/2020,$156.38,1489891,$157.13,$159.6,$155.76
12/21/2020,$157.03,1529461,$153.18,$157.25,$152.93
12/18/2020,$155.51,4232008,$158.07,$158.92,$154.68
12/17/2020,$158.06,1686710,$158.48,$158.8,$156.36
12/16/2020,$157.28,2195242,$161.14,$161.2,$156.61
12/15/2020,$160.06,2499500,$157.26,$160.69,$156.05
12/14/2020,$158.46,2075264,$159.67,$159.74,$155.52
12/11/2020,$157.1,1442657,$157.5,$158.7,$154.57
12/10/2020,$158.27,3002427,$156.5,$160.36,$156.5
12/09/2020,$157.32,3678858,$163.96,$164.91,$155.885
12/08/2020,$166.37,1329330,$164.92,$167.11,$163.81
12/07/2020,$165.09,2213450,$165.61,$167.27,$164.3
12/04/2020,$163.99,2248990,$159.62,$164.17,$159.09
12/03/2020,$158.79,1576760,$161.113,$162.15,$158.75
12/02/2020,$160.54,1144955,$159.09,$160.83,$157.47
12/01/2020,$159.08,1932934,$160.4,$161.77,$158.65
11/30/2020,$158.42,2267996,$159,$160.92,$156.85
11/27/2020,$158.94,1038581,$158.45,$161.84,$158.17
11/25/2020,$157.67,1700284,$159,$159.28,$156.655
11/24/2020,$158.47,2314069,$158.37,$158.62,$154.74
11/23/2020,$155.91,2137117,$152.52,$156.35,$151.28
11/20/2020,$150.57,1533167,$151.93,$153.03,$150.55
11/19/2020,$151.35,1765687,$148,$151.83,$147.07
11/18/2020,$148.15,1218392,$149.49,$150.61,$147.82
11/17/2020,$149.39,1798108,$150.75,$151.55,$147.92
11/16/2020,$149.99,1888311,$149.39,$151.22,$148.3
11/13/2020,$146.49,1084984,$146.01,$147.58,$145.66
11/12/2020,$144.3,1431866,$146,$146.59,$143.63
11/11/2020,$145.07,1659792,$143.31,$145.94,$142.7
11/10/2020,$140.24,2172299,$142.78,$144.49,$139.94
11/09/2020,$144.86,3523968,$149.74,$152.48,$144.55
11/06/2020,$146.72,2748176,$144.28,$147.47,$143.615
11/05/2020,$144.38,2242444,$142,$145.24,$141.08
11/04/2020,$139.38,2354748,$141.05,$141.49,$136.7
11/03/2020,$138.88,1747443,$137.65,$141.49,$137
11/02/2020,$137.31,1903499,$137.09,$138.335,$136.015
10/30/2020,$135.12,2286285,$133.52,$135.79,$132.98
10/29/2020,$136.17,2721746,$128.7858,$137.5142,$128.7858
10/28/2020,$129.77,3015698,$130.065,$130.91,$126.8
10/27/2020,$133.23,2530490,$136.38,$136.57,$131.65
10/26/2020,$134.89,2856133,$135.19,$136.1,$132.71
10/23/2020,$137.18,1439669,$135.51,$137.75,$134.3601
10/22/2020,$134.89,1514326,$136.06,$136.43,$133.32
10/21/2020,$135.86,1681879,$137.93,$138.12,$135.27
10/20/2020,$135.21,1353879,$137.67,$137.8,$134.89
10/19/2020,$136.33,1606896,$137.63,$138.85,$135.53
10/16/2020,$137.23,1300903,$139.33,$139.67,$136.96
10/15/2020,$136.87,1556938,$134.59,$137.59,$133.69
10/14/2020,$137.11,2318114,$136.8,$138.1,$135.835
10/13/2020,$136.84,2605447,$141,$141.99,$136.58
10/12/2020,$142.08,2861315,$143,$143.25,$140.41
10/09/2020,$141.53,5037614,$142.481,$145.15,$138.8
10/08/2020,$134.83,2208206,$135.07,$135.92,$134.13
10/07/2020,$133.6,1838974,$133.33,$134.91,$133.005
10/06/2020,$130.9,2187538,$131.7,$135.01,$130.39
10/05/2020,$132,2269271,$129.48,$132.07,$129
10/02/2020,$127.39,2130571,$127.17,$130.48,$126.64
10/01/2020,$130.99,3429335,$129.63,$132.18,$128
09/30/2020,$124.81,2005227,$123.87,$126.77,$123.22
09/29/2020,$123.29,1626650,$126.1,$126.14,$123.16
09/28/2020,$124,2143414,$122.46,$124.17,$121.905
09/25/2020,$119.83,2039641,$118.56,$120.17,$117.25
09/24/2020,$119.16,1810500,$118.64,$121.22,$118.15
09/23/2020,$119.94,1595706,$123.17,$124,$119.43
09/22/2020,$122.63,1606958,$122.79,$123.48,$120.69
09/21/2020,$121.35,2024521,$122.95,$123.51,$119.28
09/18/2020,$126.09,4200604,$128.68,$128.99,$123.39
09/17/2020,$127.76,2066306,$123.62,$128.14,$122.86
09/16/2020,$128.59,2053261,$129,$131.31,$128.36
09/15/2020,$127.41,1601386,$127.39,$128.8,$126.82
09/14/2020,$125.7,1538829,$126.17,$127.62,$124.48
09/11/2020,$124.75,1397478,$124.47,$126.65,$123.155
09/10/2020,$123.1,1487822,$125.2,$127.77,$122.55
09/09/2020,$124.24,2269290,$122.17,$125.63,$121.395
09/08/2020,$119.72,2541781,$121.02,$122.65,$119.21
09/04/2020,$126.33,1607662,$126.37,$127.08,$122.32
09/03/2020,$126.1,2010064,$130.99,$130.99,$125.05
09/02/2020,$132.1,1541448,$129.68,$132.945,$128.7
09/01/2020,$128.2,2090576,$126,$129.02,$125.95
08/31/2020,$125.76,2257594,$126.96,$127.71,$124.85
08/28/2020,$127.23,1736638,$125.93,$127.45,$125.26
08/27/2020,$126.05,1376391,$128.14,$128.35,$125.44
08/26/2020,$127.53,1422861,$127.2,$128.422,$126.1137
08/25/2020,$127.31,2054998,$125.92,$127.8,$124.92
08/24/2020,$123.78,1042481,$122.7,$123.85,$122.16
08/21/2020,$121.5,1375995,$120.93,$121.5,$119.8
08/20/2020,$121.45,1112967,$122.07,$122.76,$120.61
08/19/2020,$123.75,1560994,$125.1,$125.56,$123.12
08/18/2020,$124.38,2000757,$125.94,$126.2,$122.89
08/17/2020,$124.8,1171822,$124.44,$125.02,$123.73
08/14/2020,$123.04,739346,$122.36,$123.66,$122.18
08/13/2020,$122.74,1096809,$124.3,$124.5599,$122.52
08/12/2020,$124.91,1735528,$122.14,$125.41,$121.86
08/11/2020,$121.33,1764294,$122.18,$124.48,$121.15
08/10/2020,$121.39,1224424,$120.52,$121.84,$119.69
08/07/2020,$120.71,1842737,$121.89,$122.67,$119.4
08/06/2020,$122.45,2338055,$119.57,$122.58,$119.05
08/05/2020,$119.86,2182880,$118.18,$120.05,$117.25
08/04/2020,$120.91,2327790,$119.47,$121.555,$119.29
08/03/2020,$119.15,1606232,$118.41,$119.75,$117.8852
07/31/2020,$117.53,3344893,$118.36,$118.63,$114.77
07/30/2020,$117.22,3058038,$116.89,$117.87,$115.66
07/29/2020,$119.09,2861593,$115.75,$119.75,$115.75
07/28/2020,$115.24,6709086,$116.568,$119,$115
07/27/2020,$120.24,2978551,$117.05,$120.38,$116.29
07/24/2020,$115.75,3147650,$116.86,$118.04,$114.38
07/23/2020,$119.18,2605380,$121.58,$121.6699,$117.31
07/22/2020,$121.36,2333631,$122.97,$124.19,$120.89
07/21/2020,$123.49,2380166,$125,$126.12,$122.95
07/20/2020,$123.56,1731219,$121.89,$124.01,$120.405
07/17/2020,$122.71,2173176,$122.67,$122.82,$120.66
07/16/2020,$121.13,1534740,$119.23,$121.7,$118.53
07/15/2020,$121.83,2038144,$121.96,$122.97,$120.25
07/14/2020,$120.45,2583212,$116.4,$120.8,$115.49
07/13/2020,$117.04,3100804,$120.71,$122.71,$116.87
07/10/2020,$117.1,1621869,$118.49,$119.5,$116.07
07/09/2020,$117.9,2320787,$116.57,$119,$113.25
07/08/2020,$116.43,1499155,$116.17,$116.725,$114.53
07/07/2020,$115.43,1327206,$116.25,$117.46,$115.22
07/06/2020,$116.53,2001997,$115.68,$116.86,$115.02
07/02/2020,$112.72,2030592,$114.22,$115.67,$112.58
07/01/2020,$111.91,1824384,$114.05,$114.6,$111.68
06/30/2020,$114.04,2681520,$113.35,$114.79,$111.35
06/29/2020,$111.58,2510300,$109.61,$112.6,$107
06/26/2020,$108.15,4922244,$112.35,$113.15,$106.75
06/25/2020,$113.37,3482142,$113.21,$113.96,$110.98
06/24/2020,$113.06,4056411,$117.64,$118.885,$112.6
06/23/2020,$119.92,2487216,$118.5,$120.34,$117.81
06/22/2020,$117.04,3762261,$117.71,$118.09,$114.61
06/19/2020,$117.27,22349930,$118.95,$121.68,$117
06/18/2020,$117.19,5303439,$115.34,$119.265,$115.34
06/17/2020,$116.75,4844349,$114.63,$117.74,$114.4
06/16/2020,$113.26,5840021,$114.145,$116.26,$110.54
06/15/2020,$109.46,4031520,$104.89,$110.45,$103.2
06/12/2020,$106.17,3346793,$106.64,$107.3,$103.2
06/11/2020,$102.47,2980744,$105.56,$107.47,$102.36
06/10/2020,$110.29,2926008,$112.09,$112.4099,$109.875
06/09/2020,$111.51,3161739,$111.55,$113.86,$110.16
06/08/2020,$114.1,4465111,$117.48,$117.89,$113.29
06/05/2020,$113.82,7954062,$115.93,$118.85,$113.295
06/04/2020,$109.55,6754160,$107.75,$111.1399,$106.8
06/03/2020,$108.55,7679642,$106,$110.18,$105.78
06/02/2020,$101.45,5259661,$100.2,$103.1,$99.27
06/01/2020,$99.19,6321762,$97.7,$100.3829,$96.59
05/29/2020,$96.1,42777110,$99.21,$100.7,$96.1
05/28/2020,$99.26,3774868,$103.78,$103.81,$99.12
05/27/2020,$104.39,5118108,$102.28,$104.74,$101.36
05/26/2020,$102.01,4900704,$103.17,$105.26,$101.61
05/22/2020,$98.33,2694801,$98.86,$99.43,$96.85
05/21/2020,$98.89,3395104,$102.85,$103.59,$97.62
05/20/2020,$103.6,4409521,$101.74,$105.16,$101.675
05/19/2020,$99.04,3498741,$100.84,$102.1,$98.375
05/18/2020,$102.07,5700616,$94.14,$102.41,$93.42
05/15/2020,$90.45,4376441,$89.91,$92.38,$89.33
05/14/2020,$93.59,3380085,$91.75,$94.79,$89.1
05/13/2020,$93.03,5532632,$95.02,$96.795,$91.7
05/12/2020,$98.33,2000210,$102.82,$103.48,$98.13
05/11/2020,$102.56,1839585,$103.77,$103.85,$102.02
05/08/2020,$104.84,2694108,$102.69,$105.36,$101.69
05/07/2020,$102.66,2341125,$102.2,$103.12,$100.13
05/06/2020,$100.38,2703273,$99.71,$102.5247,$98.82
05/05/2020,$99.2,2913325,$98.66,$100.73,$98.23
05/04/2020,$96.56,3739163,$94.23,$96.7,$92.6
05/01/2020,$95.5,2799904,$97.48,$99,$95.01
04/30/2020,$99.57,4967866,$105.9,$106.215,$98.535
04/29/2020,$106.77,6470986,$100.995,$107.83,$100.995
04/28/2020,$98.34,5908840,$105.02,$105.48,$98.28
04/27/2020,$97.13,4775903,$95.2,$97.67,$94.93
04/24/2020,$94.43,4025674,$87.84,$95.13,$87.84
04/23/2020,$88.08,2398665,$88.56,$91.16,$87.57
04/22/2020,$89.06,3599235,$85.45,$89.45,$84.8
04/21/2020,$81.06,5091836,$84.1,$85.47,$80.46
04/20/2020,$86.7,2798573,$89.54,$89.73,$86.47
04/17/2020,$90.17,3477282,$91.85,$93.35,$88.71
04/16/2020,$89.01,2985575,$87.4,$89.2,$85.99
04/15/2020,$87.14,3902217,$90.36,$90.49,$86.06
04/14/2020,$92.28,2561445,$90.97,$92.71,$89.05
04/13/2020,$89.11,1718058,$88.59,$89.49,$87.28
04/09/2020,$89.97,4008285,$92.76,$96.97,$89.41
04/08/2020,$91.58,4222075,$86,$93.82,$85.44
04/07/2020,$84.28,3938535,$91.87,$91.87,$83.73
04/06/2020,$86.94,3657851,$80.07,$87.19,$79.895
04/03/2020,$75.75,2330855,$77.26,$79.11,$72.86
04/02/2020,$77.78,2455262,$74.15,$79.27,$73.51
04/01/2020,$74.73,3433995,$79.48,$79.99,$73.81
03/31/2020,$82.93,2697277,$84.83,$87.645,$82.09
03/30/2020,$84.93,2963070,$81.65,$85.145,$79.11
03/27/2020,$81.3,2923319,$86.13,$87.87,$80.87
03/26/2020,$89.72,4068535,$86.46,$89.86,$83.76
03/25/2020,$84.86,3174057,$87.16,$89.99,$82.51
03/24/2020,$85.73,3691037,$83.03,$88.3,$81.3
03/23/2020,$77.27,3664800,$74.21,$78.61,$69.16
03/20/2020,$73.58,5722140,$78.84,$83.99,$72.7
03/19/2020,$76.12,6107945,$64.83,$77.24,$63.05
03/18/2020,$64.56,10744550,$73.35,$76.78,$58.41
03/17/2020,$80.08,9133944,$81.65,$81.98,$75.6001
03/16/2020,$80.32,7781186,$84.54,$86.82,$78.26
03/13/2020,$95.54,7099132,$96,$99.7,$87.55
03/12/2020,$91.97,7271865,$86.4,$97.23,$86
03/11/2020,$100.52,4958102,$103.63,$105.3252,$98.865
03/10/2020,$106.85,4622472,$104.43,$107.395,$101.63
03/09/2020,$101.97,5696661,$104.7,$108,$101.4552
03/06/2020,$111.69,3544483,$110.74,$114.0671,$109.13
03/05/2020,$115.27,3161542,$116.55,$118.915,$114.03
03/04/2020,$121.27,2755954,$118.22,$121.34,$117.51
03/03/2020,$116.56,3969722,$119.41,$122.78,$116.34
03/02/2020,$120.08,4306264,$117.59,$120.34,$114.43
02/28/2020,$113.69,5507119,$110.02,$115.6,$110
02/27/2020,$114.64,4950815,$115.34,$117.84,$113.895
02/26/2020,$119.47,4415467,$121.54,$122.87,$118.23
02/25/2020,$120.82,4628537,$125.59,$125.9,$119
02/24/2020,$124.04,5135477,$124.55,$125.58,$123.22
02/21/2020,$130.5,3522122,$134.59,$137.12,$129.54
02/20/2020,$134.8,2294986,$134.33,$135.14,$131.615
02/19/2020,$134.95,2028182,$134.91,$137.32,$134.31
02/18/2020,$133.87,1919928,$134.41,$135.485,$132.608
02/14/2020,$137.08,1846684,$138.88,$139.59,$134.69
02/13/2020,$138.69,1426190,$136.87,$139.265,$135.98
02/12/2020,$137.83,2592920,$136.58,$138.43,$136.15
02/11/2020,$135.52,2406950,$134.13,$137.16,$133.79
02/10/2020,$133.19,1769690,$130.75,$133.31,$130.46
02/07/2020,$132.26,2522440,$134.49,$134.86,$132
02/06/2020,$135.34,2082783,$135.37,$135.75,$133.05
02/05/2020,$134.23,4386733,$133.4,$136.84,$132.43
02/04/2020,$130.51,5559965,$133,$134.5,$127.75
02/03/2020,$125.7,4207394,$127.69,$129.03,$125.01
01/31/2020,$126.86,4448584,$130.02,$130.9699,$126.05
01/30/2020,$131.62,2039836,$130.81,$132.0053,$128.85
01/29/2020,$132.66,2273470,$133.05,$134.77,$131.74
01/28/2020,$132.68,2207844,$132.5,$133.65,$131.24
01/27/2020,$130.45,3781242,$131.56,$131.73,$128.06
01/24/2020,$135.28,2887925,$137.49,$137.92,$134.55
01/23/2020,$136.41,2534130,$134.89,$137.22,$134.855
01/22/2020,$134.64,2422027,$134.52,$136.3,$133.48
01/21/2020,$133.96,2018213,$133.4,$134.45,$132.69
01/17/2020,$133.84,2268291,$134.99,$135.48,$132.47
01/16/2020,$134.18,2495050,$133.98,$134.96,$132.8
01/15/2020,$132.5,2206154,$132.45,$132.91,$131.56
01/14/2020,$132.71,2499353,$131.4,$133.68,$131.29
01/13/2020,$131.98,2313983,$131,$132.51,$130.15
01/10/2020,$129.64,2293956,$130.11,$130.83,$129.18
01/09/2020,$129.18,2429658,$129.8,$130.95,$128.685
01/08/2020,$128.36,1589050,$128.21,$129.11,$127.13
01/07/2020,$128.04,2595859,$127.5,$129.78,$127
01/06/2020,$126.4,2157907,$125.4,$126.99,$124.68
01/03/2020,$127.3,1546142,$126.23,$128.28,$126.12
01/02/2020,$128.54,2247936,$128.61,$129.5,$127.19
12/31/2019,$127.26,957832,$127.43,$127.9,$126.8
12/30/2019,$127.55,935309,$128.27,$128.345,$126.35
12/27/2019,$128.19,1011497,$129.04,$129.26,$127.8
12/26/2019,$128.68,972474,$129.5,$129.5,$127.53
12/24/2019,$129.2,958525,$128.43,$129.36,$127.51
12/23/2019,$128.03,2897532,$128.31,$129.47,$127.17
12/20/2019,$127.69,3772695,$126.08,$127.84,$125.955
12/19/2019,$125.95,2033098,$125.66,$126.15,$124.42
12/18/2019,$125.79,2528323,$125.55,$126.45,$124.77
12/17/2019,$125.93,3725512,$124.36,$126.97,$123.03
12/16/2019,$124.3,2723020,$125,$125.22,$123.98
12/13/2019,$123.88,2894821,$123.32,$125.24,$122.12
12/12/2019,$123.98,4634538,$121.2,$126.06,$120.5
12/11/2019,$121.4,3290044,$118.94,$122.28,$118.8
12/10/2019,$119.1,2526339,$118.26,$120.6,$118.22
12/09/2019,$117.85,1155253,$118.25,$119.13,$117.32
12/06/2019,$118.67,2253529,$118.8,$119.98,$118.33
12/05/2019,$117.11,1492400,$116.31,$118.14,$115.61
12/04/2019,$116.28,2832364,$115.935,$117.69,$115.58
12/03/2019,$114.61,2444247,$113,$114.85,$111.57
12/02/2019,$114.76,2321501,$115.75,$116.01,$113.5
11/29/2019,$115.58,1102665,$116.47,$116.935,$115.02
11/27/2019,$117.41,1220476,$116.88,$117.91,$116.2
11/26/2019,$116.63,3628164,$116.87,$117.48,$115
11/25/2019,$117.08,3176849,$116.46,$119.23,$115.99
11/22/2019,$115.22,2336324,$114.39,$115.96,$114
11/21/2019,$114.26,3008627,$114.31,$114.99,$112.43
11/20/2019,$114.74,3714893,$114.5,$116.12,$113.07
11/19/2019,$114.01,3840541,$116.93,$117.47,$113.83
11/18/2019,$115.92,2169899,$116.54,$117.53,$115.66
11/15/2019,$117.48,2067214,$119.08,$119.49,$116.815
11/14/2019,$117.99,2497174,$118.27,$119,$116.45
11/13/2019,$118.77,2312375,$117.72,$120.25,$117.23
11/12/2019,$118.94,4317340,$118.95,$120.84,$118.44
11/11/2019,$118.26,2902555,$116.89,$118.47,$116.27
11/08/2019,$117.62,2067122,$116.22,$117.71,$115.55
11/07/2019,$117.4,3119523,$118.19,$119.0125,$116.66
11/06/2019,$116.47,3394529,$118.17,$118.5,$115.53
11/05/2019,$118.66,5598765,$118.63,$120.03,$117.51
11/04/2019,$117.88,3739758,$118.53,$119.89,$116.455
11/01/2019,$118,4965563,$115.47,$118.55,$114.83
10/31/2019,$113.68,3482461,$113.91,$114.73,$113.0988
10/30/2019,$114.81,4095357,$114.55,$116.1,$113.9
10/29/2019,$114.41,9320231,$114.5,$118.5,$113.95
10/28/2019,$108.65,5513631,$106.25,$110.25,$106.25
10/25/2019,$105.86,3594836,$105.68,$106.31,$103.97
10/24/2019,$106.07,3159088,$104.25,$106.29,$103.6881
10/23/2019,$103.21,5872244,$105.06,$105.49,$101.885
10/22/2019,$107.78,2186221,$110.19,$110.45,$107.67
10/21/2019,$109.98,1810019,$109.77,$110.34,$108.67
10/18/2019,$109.01,1927178,$109.7,$110.42,$108.48
10/17/2019,$109.81,2131399,$110.01,$110.51,$108.56
10/16/2019,$108.61,3013768,$111.37,$112.42,$108.52
10/15/2019,$111.97,1897483,$111.17,$112.47,$110.6
10/14/2019,$111.24,2175614,$109.86,$111.545,$109.444
10/11/2019,$110.76,4078324,$108.81,$112.24,$108.81
10/10/2019,$107.25,2453966,$106.37,$108.29,$105.85
10/09/2019,$105.96,2103096,$106.21,$106.62,$104.75
10/08/2019,$103.75,3636300,$106.67,$107.42,$103.63
10/07/2019,$107.99,1689230,$109.38,$110.34,$107.81
10/04/2019,$109.88,1717659,$107.56,$109.98,$107.16
10/03/2019,$107.32,3062957,$107.08,$107.41,$104.64
10/02/2019,$106.7,2967989,$108.4,$109.23,$106.39
10/01/2019,$108.97,4624601,$111.64,$113.5,$108.27
09/30/2019,$109.12,2595092,$107.59,$109.3769,$106.61
09/27/2019,$106.53,2808975,$108.17,$108.73,$105.42
09/26/2019,$108.41,3253948,$108.37,$109.82,$107.84
09/25/2019,$108.22,3073760,$104.14,$108.38,$102.83
09/24/2019,$103.9,2005718,$106.31,$107.2,$103.66
09/23/2019,$106.05,1746196,$104.8,$107.0083,$104.31
09/20/2019,$104.8,3345042,$108.46,$108.94,$104.49
09/19/2019,$108.36,1434811,$108.14,$109.075,$107.92
09/18/2019,$107.82,1261409,$107.25,$108.925,$106.4
09/17/2019,$107.76,1490709,$106.73,$107.98,$106.31
09/16/2019,$107.57,1980555,$109.24,$109.93,$107.38
09/13/2019,$110.73,1751096,$109.62,$111.42,$108.83
09/12/2019,$110.03,3031026,$110.4,$112.06,$109.77
09/11/2019,$110,3418522,$107.63,$110.53,$107.6
09/10/2019,$107.86,3374171,$106.56,$108.96,$105.905
09/09/2019,$107.39,2929331,$106.5,$108.49,$104.8
09/06/2019,$105.81,1422475,$105.64,$105.99,$104.54
09/05/2019,$106,3276939,$102.66,$106.79,$102.65
09/04/2019,$101.85,1936772,$100.28,$102.1,$100.18
09/03/2019,$99.17,1902656,$100.59,$101.32,$99
08/30/2019,$102.14,1639538,$102.23,$103.21,$101.55
08/29/2019,$101.56,1726209,$101.98,$102.97,$101.25
08/28/2019,$100.28,1689644,$98.34,$100.5,$97.73
08/27/2019,$98.72,2475763,$99.96,$101.08,$98.32
08/26/2019,$98.71,2519100,$99.64,$99.94,$98.165
08/23/2019,$97.99,5242702,$101.66,$102.13,$97.16
08/22/2019,$103.29,1265375,$103.56,$104.19,$102.32
08/21/2019,$103.36,1398177,$103.06,$104.67,$102.61
08/20/2019,$102.87,1800575,$103.85,$103.85,$102.54
08/19/2019,$103.46,2987733,$105.4,$106.55,$103.33
08/16/2019,$103.56,3260049,$100.99,$103.86,$100.23
08/15/2019,$99.77,2392902,$100.27,$100.99,$99
08/14/2019,$99.99,3573740,$99.26,$101.3,$99.17
08/13/2019,$102.17,3534247,$98.1,$102.86,$97.33
08/12/2019,$98.25,2106093,$99.41,$100.07,$97.94
08/09/2019,$99.88,2389190,$100.44,$100.68,$99.06
08/08/2019,$101.48,2916482,$102.61,$102.61,$100.495
08/07/2019,$102.37,3998454,$98.75,$102.84,$98.41
08/06/2019,$100.27,3871430,$98.12,$100.38,$97.86
08/05/2019,$96.9,4565344,$97.7,$98.33,$96
08/02/2019,$100.46,3231300,$99.56,$100.82,$97.89
08/01/2019,$100,6704989,$103.34,$106.32,$99.435
07/31/2019,$103.39,5025703,$104.13,$104.5,$101.645
07/30/2019,$105.79,5185787,$103.5,$106.26,$101.12
07/29/2019,$104.23,4042779,$103.66,$104.8,$102.18
07/26/2019,$102.36,2941119,$102.5,$102.98,$101.25
07/25/2019,$101.77,4053520,$104.53,$104.9,$101.52
07/24/2019,$105.5,6759474,$102.75,$106.25,$102.71
07/23/2019,$100.94,3086398,$99.89,$100.94,$99.1601
07/22/2019,$98.74,2173932,$98.71,$99.64,$98.46
07/19/2019,$97.96,3547577,$97.54,$98.63,$96.48
07/18/2019,$97.12,2974608,$96.49,$97.5228,$96.05
07/17/2019,$96.4,1982187,$97,$97.55,$96.11
07/16/2019,$97.01,2925064,$97.75,$97.76,$96.09
07/15/2019,$99.16,3266349,$97.23,$99.36,$97.12
07/12/2019,$96.99,2621238,$94.66,$97.05,$94.11
07/11/2019,$94.12,2893633,$96.3,$96.5,$93.95
07/10/2019,$96.13,2803514,$96.84,$97.9358,$95.99
07/09/2019,$95.92,3327582,$95.05,$96.26,$94.76
07/08/2019,$95.55,2904959,$95.69,$96.79,$95.19
07/05/2019,$96.53,2688129,$96.39,$97.27,$95.9
07/03/2019,$97.68,1597489,$97.17,$97.98,$96.83
07/02/2019,$98.08,2834843,$99.41,$99.89,$97.675
07/01/2019,$99.92,6155650,$101.91,$103.33,$99.51
06/28/2019,$97.61,23376320,$101.37,$101.37,$97.47
06/27/2019,$99.23,4482924,$98.29,$100.59,$97.955
06/26/2019,$97.14,2976272,$97.13,$98.5,$96.08
06/25/2019,$95.11,2882269,$97.8,$98.5,$94.89
06/24/2019,$97.65,3141676,$98.58,$99.59,$97.56
06/21/2019,$98.06,3567297,$98.13,$98.76,$96.415
06/20/2019,$98.01,3523472,$98.5,$98.97,$96.94
06/19/2019,$96.22,2695218,$95.15,$97.2,$94.76
06/18/2019,$94.78,3697295,$91.26,$94.98,$90.66
06/17/2019,$89.7,2695644,$91,$91.6,$89.53
06/14/2019,$90.89,3758684,$91.89,$92.99,$90.88
06/13/2019,$94.44,2048132,$94.32,$94.59,$93.1
06/12/2019,$93.76,3891915,$97.5,$97.5,$93.68
06/11/2019,$95.46,2311589,$97.9,$98.29,$95.12
06/10/2019,$95.39,3008601,$93.92,$97.365,$93.61
06/07/2019,$92.64,1877778,$92.81,$92.93,$91.9
06/06/2019,$92.29,3751823,$93.26,$93.95,$91.78
06/05/2019,$93.45,2224626,$95.13,$95.46,$91.67
06/04/2019,$94.63,4331234,$91.76,$94.81,$91.29
06/03/2019,$89.63,3423969,$91.17,$91.17,$89
05/31/2019,$88.16,4020450,$89.26,$89.86,$88.09
05/30/2019,$90.88,2737588,$89.21,$91.1,$89.13
05/29/2019,$89.12,4207329,$88.49,$89.8034,$87.26
05/28/2019,$89.61,11811940,$92.57,$92.57,$89.08
05/24/2019,$91.81,3230856,$92.7,$93.46,$91.75
05/23/2019,$91.91,5022905,$91.68,$92.49,$89.8
05/22/2019,$93.64,3760424,$95.48,$96.64,$93.57
05/21/2019,$96.68,5394431,$94.32,$96.91,$93.61
05/20/2019,$92.6,4759024,$92.8,$93,$91.06
05/17/2019,$95.13,3348259,$96.48,$98.79,$94.965
05/16/2019,$97.65,3410755,$98.38,$99.63,$97.175
05/15/2019,$100.17,4147994,$97.49,$101.11,$97.01
05/14/2019,$98.17,4875926,$94.88,$98.35,$94.5956
05/13/2019,$93.12,5061338,$96.43,$97.36,$92.8099
05/10/2019,$100.17,2746204,$99.88,$100.98,$97.56
05/09/2019,$100.33,4142809,$100.12,$100.78,$96.89
05/08/2019,$101.5,4099538,$101.19,$103.65,$99.62
05/07/2019,$102.46,4390773,$104.49,$104.74,$100.68
05/06/2019,$106.02,2967838,$104.72,$106.16,$103.72
05/03/2019,$108.08,3445596,$107.08,$108.51,$106.88
05/02/2019,$106.6,3989109,$104.93,$107.47,$104.3447
05/01/2019,$104.99,4463488,$106.6,$108.33,$104.92
04/30/2019,$105.62,10556940,$105.22,$107.6999,$102.86
04/29/2019,$97.9,4424042,$98.45,$99.4,$97.29
04/26/2019,$99,2755813,$96.6,$99.1,$95.7
04/25/2019,$97.68,2877400,$99.42,$99.72,$96.4
04/24/2019,$100.13,3802502,$98.85,$101.33,$98.5
04/23/2019,$99.03,4125903,$98.51,$99.539,$98.28
04/22/2019,$98.47,2076511,$100.23,$100.23,$98.43
04/18/2019,$100.59,2823300,$102.18,$102.19,$99.72
04/17/2019,$101.17,3142073,$102.1,$103.05,$100.42
04/16/2019,$100.66,2680896,$100.59,$101.265,$100.1501
04/15/2019,$99.23,2309056,$100.4,$100.69,$98.98
04/12/2019,$100.34,3071389,$99.18,$100.42,$98.51
04/11/2019,$97.65,2076567,$98.2,$99.21,$97.3
04/10/2019,$98.13,2178266,$97.45,$98.72,$96.3
04/09/2019,$97.59,2477636,$98.5,$98.69,$97.37
04/08/2019,$98.61,2296778,$97.75,$98.78,$96.9
04/05/2019,$98.15,2818636,$97.73,$98.275,$96.58
04/04/2019,$96.57,2867166,$95.69,$97.9,$95.69
04/03/2019,$96.18,4286463,$94.69,$96.79,$94.25
04/02/2019,$92.79,2712957,$94.34,$94.5,$92.6
04/01/2019,$94.39,3900200,$90,$94.57,$90
03/29/2019,$88.39,3108186,$87.07,$89,$87.01
03/28/2019,$85.92,3056088,$87.4,$87.8,$85.38
03/27/2019,$87.35,3785476,$89.08,$89.7,$85.72
03/26/2019,$89.29,1669413,$89.44,$89.85,$88.56
03/25/2019,$88.93,2288637,$90.03,$90.37,$88.2306
03/22/2019,$90.66,1962815,$93.77,$93.77,$90.56
03/21/2019,$94.29,2404980,$91.46,$94.9,$91.04
03/20/2019,$91.03,1698994,$92.65,$93.08,$90.56
03/19/2019,$92.82,1852940,$92.81,$93.653,$92.61
03/18/2019,$92.27,1867091,$93.45,$93.74,$91.35
03/15/2019,$93.38,4101259,$93.41,$95.85,$92.86
03/14/2019,$92.85,2099792,$93.13,$94.02,$92.6
03/13/2019,$93.4,1511906,$94.45,$94.79,$93.32
03/12/2019,$93.99,2004762,$94.79,$94.79,$93.54
03/11/2019,$94.28,3117342,$93.6,$94.99,$93.4
03/08/2019,$93.18,3954941,$92.28,$93.43,$91.44
03/07/2019,$94.08,6016082,$93,$94.32,$91.88
03/06/2019,$91.88,2885921,$92.99,$93.49,$91.86
03/05/2019,$93.3,2055887,$93.39,$93.77,$91.925
03/04/2019,$93.48,2062240,$94.75,$95.11,$92.59
03/01/2019,$94.25,3646684,$92.18,$94.735,$91.97
02/28/2019,$91.32,2349746,$91.4,$91.89,$90.92
02/27/2019,$91.83,4964944,$93.67,$93.67,$91.27
02/26/2019,$94.1,4286118,$96.43,$96.78,$93.83
02/25/2019,$97.14,4888023,$95.93,$98.2,$95.32
02/22/2019,$94.51,3495765,$95,$95.32,$93.97
02/21/2019,$94.35,4775438,$93.82,$94.41,$92.9262
02/20/2019,$94.25,4070698,$92.99,$94.31,$92.6
02/19/2019,$92.5,2694917,$93,$93.07,$91.96
02/15/2019,$93.04,3500702,$92.58,$93.3,$92.02
02/14/2019,$91.75,3260474,$91.5,$92.84,$91.5
02/13/2019,$91.88,4004326,$93.5,$93.58,$91.6
02/12/2019,$93.23,5857814,$90.25,$93.66,$89.835
02/11/2019,$89.25,3929835,$87.55,$89.46,$87.45
02/08/2019,$87.51,5589052,$88.64,$89.64,$86.78
02/07/2019,$90.73,8794603,$87.43,$91.63,$87.15
02/06/2019,$92.45,9840833,$92.49,$94.64,$91.82
02/05/2019,$90.24,5817085,$88.57,$90.69,$88.5
02/04/2019,$88.7,3253498,$88.04,$88.7,$87.22
02/01/2019,$88.4,4916035,$87.14,$89.7,$87.1
01/31/2019,$87.03,3045298,$87.25,$87.83,$86.525
01/30/2019,$87.72,5047662,$86.65,$88,$85.64
01/29/2019,$85.74,3494357,$85.42,$86.12,$84.81
01/28/2019,$85.66,3655600,$83.63,$85.75,$82.61
01/25/2019,$85.24,5671746,$85.6,$86.62,$85.06
01/24/2019,$84.25,8375436,$81.51,$85.19,$81.18
01/23/2019,$78.9,3457156,$80.01,$80.5,$78.29
01/22/2019,$79.09,4834797,$80.18,$80.25,$78.53
01/18/2019,$80.79,8348064,$80.05,$81.94,$79.62
01/17/2019,$79.14,4852695,$78.9,$79.45,$77.59
01/16/2019,$78.34,5619517,$78.5,$79.96,$78.3
01/15/2019,$78.07,5333683,$78.84,$79.3,$77.47
01/14/2019,$78.61,2422314,$78.3,$79.41,$77.81
01/11/2019,$79.48,3323846,$79.26,$80.95,$78.96
01/10/2019,$80.03,3095949,$79.1,$80.14,$78.25
01/09/2019,$79.94,6233595,$77.45,$79.99,$77.18
01/08/2019,$76.44,3976501,$76.46,$77.04,$75.56
01/07/2019,$76.01,3457650,$75.61,$77.01,$74.89
01/04/2019,$75.45,4828476,$73.36,$75.79,$73
01/03/2019,$71.97,5007063,$73.31,$74.2,$71.73
01/02/2019,$75.03,3609334,$71.91,$75.29,$71.56
12/31/2018,$73.28,3699683,$72.59,$73.28,$71.77
12/28/2018,$72.13,4105664,$72.78,$73.72,$71.71
12/27/2018,$73.01,3359141,$70.71,$73.01,$69.93
12/26/2018,$71.77,5103911,$68.5,$72.3,$67.62
12/24/2018,$67.71,2267873,$70.34,$70.5,$67.68
12/21/2018,$70.34,5380954,$72.27,$73.02,$70.08
12/20/2018,$71.95,5851697,$71.44,$73.31,$71.04
12/19/2018,$71.31,5297867,$76.5,$77.31,$71.27
12/18/2018,$77.01,4400509,$76.21,$78.54,$75.99
12/17/2018,$75.27,3460657,$77.1,$78.11,$74.63
12/14/2018,$77.57,3194358,$77.45,$79.45,$77.28
12/13/2018,$78.83,4475870,$80.43,$80.43,$78.0726
12/12/2018,$79.74,5214416,$80.06,$81.36,$79.41
12/11/2018,$78.88,4282353,$78.39,$80.66,$77.87
12/10/2018,$76,4987027,$76.41,$77.6,$74.16
12/07/2018,$76.5,3863383,$81.12,$82,$76.4
12/06/2018,$82.05,3820855,$79.83,$82.08,$79.33
12/04/2018,$81.82,6129444,$85.11,$86.32,$81.75
12/03/2018,$85.67,6100056,$86.96,$87.4,$85.27
11/30/2018,$83.37,4447581,$82.91,$83.42,$80.6
11/29/2018,$82.91,2304403,$82.42,$84.06,$82.42
11/28/2018,$83.02,3482640,$81.52,$83.07,$80.35
11/27/2018,$80.89,3151550,$81.53,$82.42,$80.89
11/26/2018,$81.94,3157585,$84.19,$84.34,$81.77
11/23/2018,$82.61,729673,$82.47,$83.82,$82.1356
11/21/2018,$83.14,3638926,$82.84,$84.15,$82.04
11/20/2018,$81.41,8756524,$80.66,$82.8,$79.53
11/19/2018,$81.36,3506533,$84.58,$85.37,$81.27
11/16/2018,$84.97,3827589,$83.13,$85.15,$82.73
11/15/2018,$84.62,5051263,$81.68,$85.41,$81.34
11/14/2018,$82.08,2339047,$82.78,$83.9,$81.28
11/13/2018,$81.75,3269607,$80,$83.13,$79.5
11/12/2018,$79.28,4203092,$82.16,$82.5,$79.21
11/09/2018,$83.69,3507978,$83.81,$84.07,$81.83
11/08/2018,$84.62,4010166,$84.62,$86.32,$84.4
11/07/2018,$85.45,3734017,$85.14,$85.62,$83.75
11/06/2018,$84.54,3630200,$82.8,$84.59,$82.66
11/05/2018,$82.86,4180491,$83.73,$83.86,$81.43
11/02/2018,$84.08,12451750,$84.5,$85.2,$82.69
11/01/2018,$84.09,19537930,$80.92,$85.915,$79.97
10/31/2018,$74.99,6004426,$76.32,$76.61,$74.06
10/30/2018,$75.49,6058001,$70.3,$75.7,$70.16
10/29/2018,$70.72,6674755,$73.15,$74.3,$69.72
10/26/2018,$70.95,6514236,$72.78,$73.04,$70.25
10/25/2018,$73.75,6976071,$72.1,$74.2,$71.41
10/24/2018,$71.23,9897780,$75.23,$75.56,$71.03
10/23/2018,$77.72,6453619,$75,$78.68,$74.02
10/22/2018,$76.48,4112526,$78.52,$79,$76.37
10/19/2018,$77.7,4904805,$78.67,$79.39,$76.26
10/18/2018,$77.7,4918786,$79.6,$79.98,$77.46
10/17/2018,$79.87,4110548,$81.86,$81.98,$79.64
10/16/2018,$81.19,5461217,$78.87,$81.26,$78.5
10/15/2018,$77.89,2864140,$78.44,$78.9,$77.84
10/12/2018,$78.56,5813720,$80.01,$80.5,$77.35
10/11/2018,$77.29,7101061,$78.72,$80.17,$76.64
10/10/2018,$78.16,6919453,$80,$80,$77.7
10/09/2018,$80.98,3236814,$81.81,$82.5,$80.7
10/08/2018,$82.15,3216229,$82.56,$82.96,$81.54
10/05/2018,$83.21,6543995,$83,$83.49,$80.71
10/04/2018,$82.95,7525578,$85.6,$85.67,$82.18
10/03/2018,$86.12,4422003,$85.62,$86.37,$84.47
10/02/2018,$85.08,4058605,$84.73,$86.2,$84.45
10/01/2018,$85.03,6004926,$86.43,$86.99,$84.93
09/28/2018,$85.5,4910296,$85.14,$85.96,$84.52
09/27/2018,$85.52,5012180,$85.9,$86.6865,$85
09/26/2018,$85.29,9661390,$86.37,$86.86,$84.35
09/25/2018,$86.51,12539770,$90.12,$90.39,$86.31
09/24/2018,$91.09,4489970,$92.79,$93.16,$90.8
09/21/2018,$93.73,8801817,$94,$94.18,$92.62
09/20/2018,$93.89,5995055,$92.92,$94,$92.55
09/19/2018,$92.18,3977041,$91.27,$92.28,$91.27
09/18/2018,$91.68,4464956,$90.15,$91.94,$89.9
09/17/2018,$90.15,4110064,$93.62,$93.75,$90
09/14/2018,$92.76,7291716,$92.25,$93.42,$91.45
09/13/2018,$91.91,9852452,$90,$92.25,$89.59
09/12/2018,$88.8,15936350,$88.41,$88.84,$84.59
09/11/2018,$89.57,14975570,$93,$93,$88.2631
09/10/2018,$93.68,8532528,$94.1,$95.14,$93.555
09/07/2018,$94.02,10211360,$94.5,$95.06,$93.16
09/06/2018,$93.99,9020906,$93.88,$94.39,$93.29
09/05/2018,$93.88,7533479,$94.6,$94.71,$92.92
09/04/2018,$94.66,7901812,$93.3,$94.9,$93.15
08/31/2018,$93.14,4057585,$92.08,$93.34,$92
08/30/2018,$92.19,5222502,$93.2,$93.48,$91.78
08/29/2018,$93.82,5507676,$93.2,$94.11,$92.69
08/28/2018,$93.19,7418084,$92.64,$93.46,$92.415
08/27/2018,$92.31,5953130,$92.32,$92.58,$91.7
08/24/2018,$91.98,7316301,$90.82,$92.27,$90.69
08/23/2018,$90.68,5434911,$91.77,$91.77,$90.1
08/22/2018,$91.22,5669497,$91.35,$91.9,$90.55
08/21/2018,$91.96,7305281,$90.54,$92.54,$90.07
08/20/2018,$90.13,6402760,$89.93,$90.73,$88.4
08/17/2018,$89.77,5832952,$89.37,$90.17,$88.6
08/16/2018,$89.64,4166918,$90.06,$90.25,$89.26
08/15/2018,$89.76,15238990,$89.71,$89.95,$86.67
08/14/2018,$91.19,10668710,$93.09,$93.24,$90.3
08/13/2018,$93.16,8880516,$94.69,$94.69,$92.38
08/10/2018,$94.56,9377679,$93.96,$94.7,$93.7
08/09/2018,$95.68,4783965,$95.36,$95.755,$94.97
08/08/2018,$95.8,4124500,$96.09,$96.15,$95.36
08/07/2018,$95.97,4263478,$96.57,$96.57,$95.82
08/06/2018,$96.29,6811368,$95.97,$96.53,$95.4
08/03/2018,$95.92,7015936,$95.68,$96.09,$94.8265
08/02/2018,$95.6,7547114,$95,$95.73,$94.62
08/01/2018,$95.4,8526752,$96,$96.08,$95.15
07/31/2018,$95.34,11672710,$95.5,$95.99,$94.78
07/30/2018,$94.83,14584530,$95.16,$95.75,$94.23
07/27/2018,$94.97,21618900,$94,$96.57,$93.67
07/26/2018,$92.81,49012640,$91.84,$94.08,$90.25
07/25/2018,$98.37,19652170,$97.96,$100.91,$94.91
07/24/2018,$100.66,9057200,$105.19,$105.95,$100.21
07/23/2018,$105.09,12765970,$102.08,$105.98,$99.8
07/20/2018,$103.35,9268161,$103,$106,$102
07/19/2018,$103.54,7096696,$103.15,$104.006,$102.11
07/18/2018,$106.49,4796683,$103.71,$108.02,$103.53
07/17/2018,$103.67,9011348,$103.5,$104.9,$100.985
07/16/2018,$104.05,5961484,$107,$107,$103.65
07/13/2018,$107.52,4263206,$108.2,$109.8,$106.6
07/12/2018,$108.39,4154461,$108.81,$108.81,$105.5
07/11/2018,$107.6,5703763,$105.5,$109.1,$105.21
07/10/2018,$110.355,4182606,$107.5,$111.49,$106.81
07/09/2018,$107.37,2822641,$107.99,$107.9999,$106
07/06/2018,$107.47,2868908,$106.87,$107.86,$106.25
07/05/2018,$106.68,3709276,$107,$107.65,$105.58
07/03/2018,$106.87,2212506,$108.95,$108.95,$106.25
07/02/2018,$108.8,3915022,$108.6,$108.96,$106.7
06/29/2018,$109.27,4572761,$110.5,$110.99,$109.19
06/28/2018,$110.25,3257173,$109.76,$110.5,$109
06/27/2018,$109.36,4132098,$111,$112,$108.6
06/26/2018,$109.78,4403980,$110.69,$111.27,$108.3
06/25/2018,$110.14,5136196,$113.2,$113.26,$108.87
06/22/2018,$115.07,7185074,$113.35,$115.11,$112.14
06/21/2018,$112.84,3302640,$113.18,$113.99,$112.25
06/20/2018,$112.92,7052761,$108.8,$114.99,$108.8
06/19/2018,$108.99,6857527,$108.47,$109.96,$108.1
06/18/2018,$111.45,6414418,$112.3,$112.35,$110.24
06/15/2018,$113.16,11924440,$115.747,$117.615,$112.51
06/14/2018,$113.01,6708343,$111.47,$113.3,$110.23
06/13/2018,$111.45,10735610,$113.38,$114.18,$111.28
06/12/2018,$115.25,6653672,$117.05,$117.25,$114.83
06/11/2018,$118.29,4618734,$119,$119.15,$117.51
06/08/2018,$120.17,6817734,$119.45,$120.43,$118.5
06/07/2018,$120.07,23029400,$121.75,$122.24,$119.9
06/06/2018,$114.52,4698855,$115.87,$116,$113.37
06/05/2018,$116.36,5467434,$110.77,$118,$110.24
06/04/2018,$110.7,5468070,$110.35,$111.29,$109.32
06/01/2018,$114,6782773,$113.31,$114.75,$113.12
05/31/2018,$114,8042620,$115.02,$115.4,$112.51
05/30/2018,$115.58,9238784,$114.73,$116.02,$113.36
05/29/2018,$116.28,10113230,$119,$119.11,$115.18
05/25/2018,$116.79,9189280,$111.48,$117.03,$111.36
05/24/2018,$111.51,4223485,$113,$113.24,$109.77
05/23/2018,$112.55,5106866,$114,$114.19,$111.89
05/22/2018,$115.46,13171690,$117.69,$117.7102,$114.76
05/21/2018,$114.65,9540519,$114.2,$114.97,$113.07
05/18/2018,$111.02,12273110,$106.4,$113,$106.3
05/17/2018,$106.71,8495807,$109.75,$110.37,$103.07
05/16/2018,$108.84,9650956,$108.5,$109.8,$106.81
05/15/2018,$110.05,9076781,$112.08,$112.88,$109.58
05/14/2018,$110.74,23162560,$109.75,$114.66,$108.05
05/11/2018,$99.01,2280363,$99.08,$99.33,$98.3
05/10/2018,$99.29,2807612,$98.75,$99.29,$98.61
05/09/2018,$98.64,2423553,$99,$99.13,$98.24
05/08/2018,$98.79,3336131,$98.31,$98.99,$96.8
05/07/2018,$98.46,3731651,$100,$100.24,$98.1
05/04/2018,$100.28,15637410,$93.35,$100.29,$93.2098
05/03/2018,$92.36,31702360,$94.22,$95,$90.83
05/02/2018,$102.72,5151026,$104.47,$104.55,$102.04
05/01/2018,$103.99,5131087,$104.91,$105.12,$103.36
04/30/2018,$104.9,4014885,$105.76,$106.37,$104.75
04/27/2018,$105.4,10043210,$103.9,$105.82,$102.97
04/26/2018,$102.49,9261290,$102,$104.76,$101.97
04/25/2018,$101.19,8244738,$102.3,$102.7,$100.36
04/24/2018,$101.71,12601720,$103.16,$103.4,$100.23
04/23/2018,$103.17,9047808,$105.6,$106.305,$102.82
04/20/2018,$105.15,16427860,$107.89,$108.08,$103.19
04/19/2018,$107.17,12743310,$110.075,$110.15,$106.75
04/18/2018,$112.99,1430601,$113.01,$113.59,$112.59
04/17/2018,$113.16,2497617,$112.99,$113.94,$112.8301
04/16/2018,$112.83,2488715,$113.47,$113.64,$112.65
04/13/2018,$113.44,6605518,$114.09,$115.65,$112.67
04/12/2018,$114.17,10003900,$115.88,$115.88,$112.25
04/11/2018,$115.88,4931754,$116.71,$116.94,$115.1
04/10/2018,$116.61,6659063,$115.52,$117.36,$115.4
04/09/2018,$114.34,3190780,$114.32,$114.75,$113.65
04/06/2018,$113.73,3539381,$114.24,$114.8,$113.38
04/05/2018,$114.78,3996341,$115.29,$116.15,$114.22
04/04/2018,$115.43,4889336,$115.2,$115.94,$113.771
04/03/2018,$116.41,3379906,$115.53,$116.49,$115.23
04/02/2018,$115.22,4566125,$117,$117.07,$114.57
03/29/2018,$117,4968451,$117.25,$117.66,$115.445
03/28/2018,$116.26,11204280,$121.53,$121.76,$116.02
03/27/2018,$121.52,3289604,$122.16,$122.48,$121.32
03/26/2018,$121.61,3412941,$121.38,$121.95,$121
03/23/2018,$120.19,2174706,$121.8,$121.8,$119.5
03/22/2018,$120.92,3137307,$121.56,$121.68,$120.5
03/21/2018,$121.96,3146323,$121.9,$122.44,$121.69
03/20/2018,$123.1,1353479,$122.72,$123.24,$122.71
03/19/2018,$122.63,1529718,$122.1,$123.5,$121.76
03/16/2018,$122.25,3386139,$121.9,$122.58,$121.15
03/15/2018,$121.88,2211198,$122.29,$123.09,$121.86
03/14/2018,$122.3,6210628,$122.75,$123.21,$120.99
03/13/2018,$122.63,6210255,$123.98,$124,$122.05
03/12/2018,$123.62,1928698,$123.45,$123.94,$123.28
03/09/2018,$123.68,2530381,$123.96,$124,$123.31
03/08/2018,$123.7,1713327,$124,$124.17,$123.65
03/07/2018,$123.78,3054813,$124.03,$124.13,$123.6
03/06/2018,$124.4,4020537,$124.96,$125.0887,$124.01
03/05/2018,$124.78,5036942,$125.45,$125.53,$124.695
03/02/2018,$124.09,2903278,$123.76,$124.3,$123.5
03/01/2018,$123.77,4975275,$124.37,$124.7,$123.5
02/28/2018,$124.66,2745159,$124.7,$124.78,$124.64
02/27/2018,$124.65,3253528,$124.42,$124.89,$124.4
02/26/2018,$124.46,8205103,$125.35,$125.45,$124.18
02/23/2018,$125.44,5231146,$125.68,$125.73,$125.33
02/22/2018,$125.71,7547266,$125.75,$125.82,$125.65
02/21/2018,$125.6,11298750,$125.78,$125.92,$125.59
02/20/2018,$125.56,30986510,$125.8,$125.93,$125.5
02/16/2018,$118.5,5096477,$116.5,$119.03,$116.5
02/15/2018,$116.92,2289323,$115.39,$117.05,$115.21
02/14/2018,$114.88,4369165,$115.88,$116.25,$114.55
02/13/2018,$116.2,1903505,$116.21,$117.08,$115.99
02/12/2018,$116.54,1876144,$116.3,$116.9,$115.98
02/09/2018,$115.78,4052756,$116.29,$116.55,$114.77
02/08/2018,$115.94,5686821,$118.25,$118.75,$115.76
02/07/2018,$116.41,3993624,$118.15,$118.3,$116.24
02/06/2018,$118.15,4432018,$117.1,$118.77,$117
02/05/2018,$118.19,5069582,$119.54,$120.32,$117.86
02/02/2018,$120.62,2626374,$121.12,$121.29,$120.5
02/01/2018,$121.3,3659635,$120.85,$121.5,$120.63
01/31/2018,$120.32,2942074,$120.55,$120.7,$119.8902
01/30/2018,$120.21,2079902,$120.01,$120.41,$119.9
01/29/2018,$120.55,1376589,$120.07,$120.65,$119.51
01/26/2018,$120.34,2356249,$120.5,$120.99,$120.21
01/25/2018,$120.2,1526690,$121.24,$121.24,$120.2
01/24/2018,$120.46,1467249,$120.75,$121.12,$120.25
01/23/2018,$120.85,2000423,$121.37,$121.46,$120.85
01/22/2018,$121.08,2026458,$120.7,$121.25,$120.55
01/19/2018,$120.45,4837716,$120.11,$120.67,$120.0002
01/18/2018,$120,3981597,$119.4,$120.2,$119.4
01/17/2018,$119.34,4177688,$119.34,$119.47,$118.795
01/16/2018,$119.4,2517420,$119.52,$119.9,$119.4
01/12/2018,$119.58,2027218,$119.29,$119.7,$118.99
01/11/2018,$119.25,2576823,$119.15,$119.48,$118.75
01/10/2018,$119.15,1868252,$118.37,$119.27,$118.07
01/09/2018,$118.45,1408576,$118.3,$118.83,$118.26
01/08/2018,$118.28,1258049,$118.65,$118.65,$117.95
01/05/2018,$118.05,1631700,$118.09,$118.3099,$117.91
01/04/2018,$117.87,2153458,$118.09,$118.325,$117.66
01/03/2018,$118.08,2873244,$118,$118.53,$117.68
01/02/2018,$117.95,1784226,$117,$117.98,$116.8
12/29/2017,$117.09,1578114,$116.93,$117.4,$116.91
12/28/2017,$116.98,812434,$116.63,$117.12,$116.5535
12/27/2017,$116.69,9765545,$116.7,$116.87,$116.47
12/26/2017,$116.57,736564,$116.61,$116.84,$116.49
12/22/2017,$116.7,1442364,$116.72,$117.38,$116.61
12/21/2017,$116.7,1012332,$116.73,$116.91,$116.6
12/20/2017,$116.74,1450447,$116.56,$116.89,$116.399
12/19/2017,$116.45,1348017,$116.63,$117,$116.3
12/18/2017,$116.79,1332441,$116.22,$116.92,$116.07
12/15/2017,$116.35,1989853,$115.85,$116.35,$115.47
12/14/2017,$115.88,4909959,$115.96,$116.1,$115.625
12/13/2017,$116.06,1560704,$115.65,$116.1,$115.61
12/12/2017,$115.64,1345847,$116.11,$116.32,$115.5001
12/11/2017,$115.84,2542535,$116.4,$116.6,$115.63
12/08/2017,$115.29,2112288,$115.15,$115.85,$115.13
12/07/2017,$115.13,2100716,$114.5,$115.28,$114.25
12/06/2017,$114.33,2386263,$114.14,$115,$113.4
12/05/2017,$113.75,3482856,$113.7,$114.29,$113.53
12/04/2017,$113.87,2772561,$115,$115.05,$113.75
12/01/2017,$114.78,4934907,$114.01,$115,$113.9259
11/30/2017,$113.39,3727226,$113.3,$114.18,$112.95
11/29/2017,$113,6117112,$113.85,$114.1737,$112.5
11/28/2017,$113.79,3851488,$114.65,$114.85,$113.78
11/27/2017,$114.53,2368857,$114.5,$115.08,$114.44
11/24/2017,$114.65,1942509,$114.81,$115.2,$114.54
11/22/2017,$115.15,1434508,$115.32,$115.86,$115.07
11/21/2017,$115.32,1881085,$115.22,$115.61,$115.15
11/20/2017,$115.18,1414775,$115.51,$115.9125,$115.14
11/17/2017,$115.5,2030576,$115.38,$115.7,$115.2
11/16/2017,$115.19,3501076,$115.2,$115.88,$115.05
11/15/2017,$115,2823862,$115.42,$115.43,$114.72
11/14/2017,$115.5,3542490,$115.6,$115.95,$115.02
11/13/2017,$115.65,2473204,$116.12,$116.2,$115.53
11/10/2017,$116.05,2392787,$115.26,$116.25,$115.04
11/09/2017,$115.31,3342909,$116.12,$116.6,$114.99
11/08/2017,$116.34,5526264,$116.7,$117.56,$116.245
11/07/2017,$116.66,3361573,$116.32,$116.98,$115.995
11/06/2017,$116.72,8836879,$115.02,$116.88,$115.02
11/03/2017,$115.02,25767800,$117.45,$118.2,$111.37
11/02/2017,$117.46,3186111,$117.03,$117.73,$116.57
11/01/2017,$117.3,2902891,$117.05,$117.73,$116.885
10/31/2017,$117.05,2188138,$116.7,$117.07,$116.5
10/30/2017,$116.73,2878165,$116.43,$116.97,$116.275
10/27/2017,$116.93,3129297,$116.87,$117.3,$116.82
10/26/2017,$116.62,4339199,$117.66,$118,$116.61
10/25/2017,$116.49,1903043,$116.59,$116.79,$116.2368
10/24/2017,$116.79,1652775,$116.5,$117,$116.4
10/23/2017,$116.4,1818667,$115.71,$116.44,$115.71
10/20/2017,$115.88,3369031,$115.7,$115.94,$115.4
10/19/2017,$115.49,1196496,$115.15,$115.49,$115.01
10/18/2017,$115.36,2151349,$115.03,$115.51,$115.03
10/17/2017,$115.15,1402530,$114.97,$115.2,$114.92
10/16/2017,$114.94,1369506,$115.51,$115.5199,$114.76
10/13/2017,$115.17,1309281,$115.68,$115.68,$115.04
10/12/2017,$115.18,1273664,$115.15,$115.35,$114.8
10/11/2017,$115.46,2268671,$114.94,$115.61,$114.83
10/10/2017,$115,2832878,$114.65,$115.165,$114.46
10/09/2017,$114.52,1834619,$114.1,$114.67,$113.99
10/06/2017,$113.95,2859228,$114,$114.415,$113.9
10/05/2017,$113.68,913561,$113.75,$113.83,$113.56
10/04/2017,$113.71,1681890,$113.3,$113.8,$113.1
10/03/2017,$113.36,1228678,$113.22,$113.43,$113.01
10/02/2017,$113.12,2505584,$113.15,$113.39,$112.85
09/29/2017,$113.09,1806251,$112.96,$113.4,$112.83
09/28/2017,$112.87,1592194,$112.7,$113.07,$112.61
09/27/2017,$112.73,1184766,$112.4,$112.89,$112.4
09/26/2017,$112.37,1232401,$112.4,$112.6,$112.31
09/25/2017,$112.42,2387530,$112.55,$112.63,$112.36
09/22/2017,$112.64,733875,$112.55,$112.77,$112.49
09/21/2017,$112.72,1369049,$112.49,$112.85,$112.34
09/20/2017,$112.55,1243080,$112.85,$112.95,$112.5
09/19/2017,$112.92,935387,$112.91,$113.05,$112.83
09/18/2017,$112.99,1648062,$112.86,$113.23,$112.8
09/15/2017,$112.84,1775688,$112.5,$112.84,$112.43
09/14/2017,$112.4,1773578,$112.46,$112.75,$112.32
09/13/2017,$112.63,1102974,$112.71,$112.81,$112.6
09/12/2017,$112.78,1041063,$112.66,$112.81,$112.635
09/11/2017,$112.55,630930,$112.5,$112.7,$112.26
09/08/2017,$112.3,640529,$112.4,$112.48,$112.16
09/07/2017,$112.66,933768,$112.23,$112.75,$112.14
09/06/2017,$112.16,2330529,$112.57,$112.57,$111.75
09/05/2017,$112.42,1527008,$112.56,$112.85,$112.29
09/01/2017,$112.9,1229832,$112.8,$113.19,$112.8
08/31/2017,$112.96,2323084,$112.43,$113.06,$112.37
08/30/2017,$112.4,981061,$112.31,$112.58,$112.29
08/29/2017,$112.31,1193917,$112.25,$112.6,$112.2158
08/28/2017,$112.57,1287644,$112.16,$112.735,$112
08/25/2017,$112.23,1086110,$112.1,$112.35,$111.9
08/24/2017,$112.01,1174441,$112.38,$112.48,$111.94
08/23/2017,$112.3,892547,$112.51,$112.51,$112.3
08/22/2017,$112.35,514816,$112.45,$112.74,$112.34
08/21/2017,$112.35,888542,$112.59,$112.68,$112.18
08/18/2017,$112.45,705022,$112.7,$112.7,$112.39
08/17/2017,$112.47,1318242,$112.79,$112.85,$112.335
08/16/2017,$112.79,498459,$112.81,$112.85,$112.55
08/15/2017,$112.83,838225,$112.65,$112.83,$112.51
08/14/2017,$112.52,1024608,$112.5,$112.8,$112.33
08/11/2017,$112.2,2038093,$111.57,$112.28,$111.57
08/10/2017,$112.12,2202797,$112.85,$112.85,$112.08
08/09/2017,$113.09,1113577,$112.6,$113.1,$112.565
08/08/2017,$112.98,1576680,$113.02,$113.39,$112.82
08/07/2017,$112.96,2353318,$112.65,$113.2,$112.42
08/04/2017,$112.42,5612644,$112.02,$112.79,$111.75
08/03/2017,$110.66,1908183,$110.52,$111.055,$110.43
08/02/2017,$110.88,3406788,$111.08,$111.22,$110.85
08/01/2017,$111.1,3760617,$110.3,$111.2,$110.2
07/31/2017,$110.33,2470004,$110.25,$110.39,$110.08
07/28/2017,$110.22,2041734,$110.12,$110.4,$110.05
07/27/2017,$110.34,2845818,$109.85,$110.43,$109.84
07/26/2017,$109.93,2711334,$109.75,$109.95,$109.75
07/25/2017,$109.71,2426004,$109.56,$109.93,$109.55
07/24/2017,$109.55,1583690,$109.83,$109.84,$109.55
07/21/2017,$109.86,1320205,$109.6,$109.8901,$109.55
07/20/2017,$109.71,1493754,$109.5,$109.81,$109.41
07/19/2017,$109.6,1302266,$109.45,$109.65,$109.41
07/18/2017,$109.46,1521680,$109.45,$109.64,$109.37
07/17/2017,$109.45,2083208,$109.4,$109.6186,$109.37
07/14/2017,$109.4,1781963,$109.2,$109.48,$109.16
07/13/2017,$109.21,2247248,$109.15,$109.5,$109.08
07/12/2017,$109.17,2861416,$109.2,$109.37,$109.06
07/11/2017,$109.25,1803828,$109.25,$109.25,$109
07/10/2017,$109.32,1428755,$109.05,$109.46,$109.05
07/07/2017,$109.11,3532524,$109.27,$109.38,$109
07/06/2017,$109.26,1708567,$109.11,$109.3,$109.05
07/05/2017,$109.2,2315602,$109.27,$109.365,$109.035
07/03/2017,$109.27,1170829,$109.5,$109.5,$109.1
06/30/2017,$109.45,2853904,$109.33,$109.51,$109.14
06/29/2017,$109.4,4944797,$109.77,$109.8,$109.03
06/28/2017,$109.9,2210609,$109.88,$109.95,$109.57
06/27/2017,$109.52,4010401,$109.67,$109.79,$109.42
06/26/2017,$109.73,2438023,$109.75,$109.92,$109.45
06/23/2017,$109.98,23835490,$109.5,$109.98,$109.47
06/22/2017,$109.5,3156590,$109.15,$109.5,$108.99
06/21/2017,$109.17,2796616,$109.02,$109.215,$108.88
06/20/2017,$109,3010661,$109.05,$109.86,$108.97
06/19/2017,$109.15,1808880,$109,$109.285,$108.9
06/16/2017,$109.09,2075727,$109,$109.4,$108.845
06/15/2017,$109,1315681,$108.78,$109.11,$108.75
06/14/2017,$109.27,2478030,$108.96,$109.415,$108.65
06/13/2017,$109.11,1959081,$108.45,$109.11,$108.32
06/12/2017,$108.22,2889858,$108.91,$108.91,$108
06/09/2017,$108.58,4308663,$109.23,$109.5,$108.17
06/08/2017,$109.23,2064827,$109.07,$109.4,$108.92
06/07/2017,$109.21,2903193,$108.85,$109.32,$108.81
06/06/2017,$108.85,2724684,$109.22,$109.35,$108.845
06/05/2017,$109.22,2537372,$109,$109.32,$109
06/02/2017,$109.15,3789013,$109.2,$109.35,$108.86
06/01/2017,$109.32,7466123,$109.645,$109.71,$109
05/31/2017,$109.9,12506650,$109.05,$109.9,$108.98
05/30/2017,$108.14,2092208,$107.91,$108.21,$107.91
05/26/2017,$108,2620593,$107.89,$108.24,$107.89
05/25/2017,$107.95,3058752,$108,$108.15,$107.8
05/24/2017,$108,3686014,$108.11,$108.29,$107.845
05/23/2017,$108.09,2996392,$107.96,$108.2,$107.96
05/22/2017,$108.17,3259289,$107.87,$108.24,$107.75
05/19/2017,$107.75,2773353,$107.45,$107.825,$107.45
05/18/2017,$107.27,3252767,$107.28,$107.5,$107.14
05/17/2017,$107.39,5324208,$107.26,$107.83,$107.25
05/16/2017,$107.7,6256893,$106.97,$107.755,$106.93
05/15/2017,$107.04,1854824,$106.78,$107.2,$106.67
05/12/2017,$106.87,4860589,$106.77,$106.91,$106.5
05/11/2017,$106.86,2924493,$106.55,$106.94,$106.4
05/10/2017,$106.68,3242966,$106.72,$106.89,$106.58
05/09/2017,$106.77,2151949,$106.66,$107.02,$106.65
05/08/2017,$106.9,2710936,$106.53,$106.9695,$106.45
05/05/2017,$106.58,2512702,$106.57,$106.96,$106.38
05/04/2017,$106.78,4468089,$105.76,$106.97,$105.73
05/03/2017,$105.79,1199173,$106,$106.1,$105.6
05/02/2017,$105.76,2297848,$106,$106.19,$105.67
05/01/2017,$105.96,1946758,$105.9,$106.155,$105.6
