Date,Close/Last,Volume,Open,High,Low,CrudeOilUSDM
2017-04-17,52.89,10467010,52.99,53.13,52.75,51.894097101449276
2017-04-18,52.67,11260040,52.6,52.98,52.39,51.821009420289855
2017-04-19,52.61,15330730,53.0,53.1,52.3,51.74792173913044
2017-04-20,52.66,24654290,53.22,53.4,51.4,51.67483405797102
2017-04-21,52.5,10949060,52.77,52.8,52.21,51.6017463768116
2017-04-24,52.81,10704410,53.01,53.25,52.75,51.38248333333334
2017-04-25,53.0,11405940,53.17,53.49,52.96,51.30939565217392
2017-04-26,53.04,7364855,53.2,53.3,52.91,51.2363079710145
2017-04-27,53.21,6953922,53.24,53.34,52.91,51.163220289855076
2017-04-28,53.74,34366230,51.8,53.95,51.05,51.090132608695654
2017-05-01,53.6,12957180,53.65,53.7,53.095,50.8708695652174
2017-05-02,53.29,10270480,53.65,53.725,52.9,50.742601045518306
2017-05-03,54.49,18350090,53.41,54.77,53.25,50.61433252581921
2017-05-04,54.91,11993090,54.73,55.0,54.5,50.48606400612012
2017-05-05,54.93,9073450,54.93,55.0,54.695,50.357795486421026
2017-05-08,54.62,7025309,54.99,55.0,54.56,49.972989927323745
2017-05-09,55.15,8313475,54.69,55.19,54.63,49.84472140762465
2017-05-10,55.33,8496878,55.22,55.4273,54.8627,49.716452887925556
2017-05-11,54.68,13514130,55.25,55.3,54.41,49.588184368226464
2017-05-12,55.32,9100734,54.5,55.35,54.4,49.459915848527366
2017-05-15,55.4,10657680,55.08,55.49,55.075,49.075110289430086
2017-05-16,55.95,9491650,55.39,55.98,55.1,48.946841769730995
2017-05-17,55.36,14809650,55.64,56.075,55.3,48.8185732500319
2017-05-18,56.12,13125030,55.58,56.31,55.02,48.69030473033281
2017-05-19,57.67,16541850,56.49,57.79,56.2,48.562036210633714
2017-05-22,59.28,20767670,58.39,59.54,58.38,48.17723065153643
2017-05-23,59.22,14210560,59.38,59.89,59.13,48.04896213183734
2017-05-24,58.64,8624834,59.28,59.62,58.57,47.92069361213825
2017-05-25,58.45,9549459,58.65,58.95,58.261,47.79242509243915
2017-05-26,57.52,8223461,57.66,57.978,57.37,47.66415657274006
2017-05-30,57.34,11545990,57.28,57.74,57.17,47.15108249394369
2017-05-31,57.27,14009010,57.26,57.73,57.0,47.02281397424459
2017-06-01,58.62,11526420,57.45,58.65,57.35,46.8945454545455
2017-06-02,58.58,9525357,58.89,58.96,58.35,46.95439393939398
2017-06-05,58.86,7960848,58.5,59.05,58.48,47.133939393939436
2017-06-06,58.2,7870567,58.6,58.91,58.18,47.193787878787916
2017-06-07,57.53,10104420,58.3,58.49,57.13,47.2536363636364
2017-06-08,58.12,10299310,57.77,58.15,57.61,47.31348484848488
2017-06-09,57.05,13622010,58.37,58.49,56.74,47.37333333333336
2017-06-12,57.49,9984865,56.52,57.675,56.48,47.55287878787882
2017-06-13,57.54,7105149,57.95,58.065,57.5,47.6127272727273
2017-06-14,57.01,6725290,57.7,57.97,56.67,47.672575757575785
2017-06-15,56.93,5409133,56.42,57.17,56.4,47.732424242424266
2017-06-16,56.82,14520010,56.98,57.01,56.35,47.792272727272746
2017-06-19,57.61,7095308,56.96,57.66,56.91,47.9718181818182
2017-06-20,56.79,8166550,57.46,57.61,56.51,48.03166666666668
2017-06-21,56.33,8317061,56.79,56.84,56.12,48.09151515151517
2017-06-22,56.47,5540624,56.24,56.745,56.06,48.15136363636365
2017-06-23,56.91,11847780,56.64,57.4365,56.57,48.211212121212135
2017-06-26,56.56,7338463,57.09,57.6892,56.21,48.39075757575758
2017-06-27,55.43,6813046,56.29,56.33,55.41,48.45060606060606
2017-06-28,56.16,7534000,55.4,56.32,55.18,48.51045454545455
2017-06-29,55.08,8455545,55.93,55.93,54.55,48.57030303030303
2017-06-30,55.22,8754158,55.6,55.63,55.03,48.63015151515152
2017-07-03,54.95,4379566,55.53,56.02,54.92,48.862875175315565
2017-07-05,55.45,6817608,55.01,55.56,54.78,49.03575035063113
2017-07-06,54.79,5660766,55.02,55.23,54.735,49.12218793828892
2017-07-07,55.35,5170545,55.04,55.73,54.87,49.2086255259467
2017-07-10,55.64,5085958,55.37,55.885,55.19,49.46793828892005
2017-07-11,55.33,6114802,55.63,55.63,55.02,49.554375876577836
2017-07-12,56.2,6121077,55.79,56.31,55.72,49.64081346423562
2017-07-13,56.23,6219216,56.38,56.52,56.17,49.727251051893404
2017-07-14,56.81,4439390,56.5,56.93,56.15,49.81368863955119
2017-07-17,56.46,5097760,56.73,56.92,56.39,50.07300140252454
2017-07-18,56.29,7419206,56.34,56.38,56.0,50.15943899018232
2017-07-19,56.78,8597707,56.46,56.9399,56.01,50.24587657784011
2017-07-20,53.97,35707180,55.11,55.43,53.46,50.33231416549789
2017-07-21,53.84,12078680,53.66,54.0,53.37,50.418751753155675
2017-07-24,53.22,8813216,53.75,53.88,53.09,50.67806451612903
2017-07-25,53.27,7110013,53.2,53.65,53.07,50.76450210378681
2017-07-26,53.14,7566436,53.29,53.35,52.74,50.850939691444594
2017-07-27,52.49,14058050,53.08,53.37,52.23,50.93737727910238
2017-07-28,52.88,6643607,52.27,52.9865,52.27,51.02381486676016
2017-07-31,53.19,11301880,53.1,53.295,52.75,51.283127629733514
2017-08-01,53.41,8207783,53.3,53.43,52.91,51.3695652173913
2017-08-02,53.17,23073980,53.295,53.3885,52.78,51.491929473051485
2017-08-03,52.95,8643428,53.16,53.3399,52.75,51.61429372871167
2017-08-04,52.62,8676309,53.0,53.0,52.51,51.73665798437186
2017-08-07,52.7,6512811,52.5,52.845,52.49,52.10375075135242
2017-08-08,52.29,10456790,52.55,53.33,52.21,52.22611500701261
2017-08-09,52.77,8084091,52.05,52.8,52.0,52.3484792626728
2017-08-10,52.34,10678100,52.54,52.75,52.11,52.470843518332984
2017-08-11,52.72,5894003,52.39,53.13,52.29,52.59320777399317
2017-08-14,53.55,8117050,53.04,53.64,52.91,52.96030054097373
2017-08-15,53.87,7873900,53.66,54.08,53.35,53.08266479663392
2017-08-16,53.31,7414452,54.06,54.1,53.255,53.20502905229411
2017-08-17,52.27,6209295,53.19,53.41,52.27,53.32739330795429
2017-08-18,51.92,6692408,52.26,52.415,51.9,53.449757563614476
2017-08-21,51.98,5190770,52.0,52.08,51.5,53.81685033059504
2017-08-22,52.35,4436862,52.21,52.62,52.21,53.939214586255225
2017-08-23,52.23,5258709,52.3,52.405,51.78,54.06157884191541
2017-08-24,52.49,6197220,52.37,52.71,52.26,54.1839430975756
2017-08-25,52.03,8680526,52.78,52.8545,52.02,54.30630735323579
2017-08-28,51.81,4510636,51.77,51.81,51.46,54.67340012021635
2017-08-29,51.81,4972386,51.31,51.86,51.28,54.79576437587654
2017-08-30,52.12,4869276,51.75,52.286,51.56,54.918128631536725
2017-08-31,52.27,8215456,52.26,52.59,52.12,55.04049288719691
2017-09-01,52.05,5301713,52.53,52.77,51.925,55.1628571428571
2017-09-05,50.03,17923420,51.86,51.9,49.83,55.49017316017313
2017-09-06,50.45,16196880,50.19,50.77,49.83,55.57200216450213
2017-09-07,50.38,10034910,50.56,50.69,50.25,55.65383116883114
2017-09-08,49.64,12502270,50.35,50.45,48.92,55.73566017316015
2017-09-11,50.57,7471396,49.94,50.67,49.91,55.98114718614717
2017-09-12,50.9,4517672,50.6,51.07,50.52,56.06297619047617
2017-09-13,51.01,6183107,50.8,51.1054,50.72,56.14480519480518
2017-09-14,51.48,7740281,50.97,51.59,50.67,56.22663419913419
2017-09-15,52.19,13168570,51.95,52.29,51.44,56.30846320346319
2017-09-18,52.25,6001199,52.24,52.37,51.955,56.55395021645021
2017-09-19,52.3,4930412,52.4,52.5,52.06,56.63577922077922
2017-09-20,51.98,8349707,52.43,52.52,51.48,56.71760822510823
2017-09-21,52.03,5749601,51.86,52.2,51.71,56.79943722943723
2017-09-22,52.09,4105088,51.82,52.23,51.78,56.88126623376624
2017-09-25,51.62,8177978,51.9,52.285,51.61,57.12675324675326
2017-09-26,51.13,9378531,51.75,51.87,50.85,57.20858225108227
2017-09-27,51.55,8200472,51.43,51.61,51.1526,57.29041125541127
2017-09-28,51.75,5732672,51.38,52.04,51.31,57.37224025974028
2017-09-29,51.84,5352439,51.91,52.0447,51.62,57.45406926406929
2017-10-02,51.88,4432695,52.09,52.16,51.7,57.777653958944306
2017-10-03,52.02,4377755,51.99,52.22,51.65,57.93758064516131
2017-10-04,51.96,4528218,51.93,52.12,51.67,58.09750733137832
2017-10-05,52.35,5178780,52.17,52.43,51.96,58.25743401759533
2017-10-06,52.49,4789097,52.16,52.63,52.16,58.417360703812335
2017-10-09,52.88,5817075,52.68,52.9799,52.38,58.89714076246335
2017-10-10,53.87,8750884,52.95,53.9,52.9,59.05706744868036
2017-10-11,54.12,9426613,53.79,54.38,53.66,59.21699413489736
2017-10-12,53.0,7128581,53.88,54.175,52.96,59.37692082111437
2017-10-13,52.82,6997483,53.38,53.38,52.74,59.53684750733138
2017-10-16,52.38,5922842,52.98,53.0,52.3101,60.0166275659824
2017-10-17,52.41,7662715,52.32,52.44,51.8501,60.1765542521994
2017-10-18,52.21,6032631,52.54,52.67,52.02,60.33648093841641
2017-10-19,52.29,6693572,52.03,52.4,52.01,60.49640762463341
2017-10-20,52.02,8844049,52.51,52.59,51.94,60.65633431085042
2017-10-23,53.39,9775404,52.3,53.78,52.13,61.13611436950144
2017-10-24,54.25,11334010,53.44,54.44,53.4,61.29604105571845
2017-10-25,53.84,7573657,53.98,54.43,53.475,61.45596774193545
2017-10-26,53.8,5268706,54.1,54.39,53.665,61.61589442815246
2017-10-27,54.57,8961840,53.7,54.7,53.36,61.775821114369464
2017-10-30,54.66,7080720,54.16,54.77,54.08,62.25560117302049
2017-10-31,51.01,29877270,52.26,52.49,50.02,62.41552785923749
2017-11-01,53.46,15609560,51.47,53.49,50.51,62.5754545454545
2017-11-02,54.84,17320180,53.6,55.68,53.6,62.63000288600284
2017-11-03,61.81,80796380,54.76,64.99,54.21,62.684551226551186
2017-11-06,62.52,58736890,64.54,65.33,62.15,62.84819624819622
2017-11-07,64.1,23372660,62.52,64.16,62.45,62.90274458874456
2017-11-08,65.49,26471350,64.21,65.79,64.21,62.957292929292905
2017-11-09,64.6,15945070,64.91,65.33,63.93,63.01184126984125
2017-11-10,64.57,9624536,64.36,65.1,63.92,63.06638961038959
2017-11-13,66.49,24350590,64.96,66.82,64.75,63.230034632034624
2017-11-14,66.0,14032740,66.16,66.8,65.55,63.28458297258297
2017-11-15,65.61,10559860,65.55,66.4838,65.24,63.33913131313131
2017-11-16,66.11,12333670,65.77,66.54,65.43,63.393679653679655
2017-11-17,66.72,12999690,66.37,66.95,66.0,63.44822799422799
2017-11-20,66.47,9710785,66.18,66.85,65.95,63.61187301587302
2017-11-21,66.67,11213630,65.35,66.93,65.27,63.66642135642137
2017-11-22,68.13,15351420,66.37,68.26,66.24,63.72096969696971
2017-11-24,68.91,9233511,68.51,69.28,68.45,63.8300663780664
2017-11-27,68.14,20395280,68.6,68.92,68.04,63.99371139971143
2017-11-28,68.38,12842080,67.59,68.41,67.22,64.04825974025978
2017-11-29,66.52,16983100,68.1,68.2,66.03,64.10280808080812
2017-11-30,66.34,15486500,66.51,67.1,65.72,64.15735642135647
2017-12-01,65.49,15849650,65.2,66.12,64.6,64.2119047619048
2017-12-04,64.56,17322970,65.6,65.7,63.8,64.67396446937825
2017-12-05,64.69,9607596,64.85,65.03,64.4,64.82798437186939
2017-12-06,64.98,6924907,64.64,65.68,64.36,64.98200427436055
2017-12-07,65.23,6754179,65.21,65.55,64.77,65.13602417685169
2017-12-08,64.24,9364685,65.6,65.6,63.88,65.29004407934283
2017-12-11,65.18,12178010,64.06,65.2631,64.0,65.75210378681629
2017-12-12,64.86,6987364,64.88,65.11,64.55,65.90612368930744
2017-12-13,64.9,6487265,64.98,65.425,64.83,66.06014359179858
2017-12-14,64.7,7058316,64.86,65.17,64.545,66.21416349428974
2017-12-15,64.76,18824640,65.33,65.42,64.5,66.36818339678088
2017-12-18,65.38,7385961,64.93,65.46,64.8,66.83024310425432
2017-12-19,64.5,7128588,65.11,65.48,64.43,66.98426300674546
2017-12-20,64.6,6932237,64.56,65.17,64.33,67.13828290923662
2017-12-21,64.39,5420048,64.75,64.9604,64.34,67.29230281172777
2017-12-22,64.73,4429203,64.31,64.98,64.3,67.44632271421891
2017-12-26,64.3,4203674,64.49,64.94,64.2,68.06240232418351
2017-12-27,64.54,4890564,64.32,64.64,64.18,68.21642222667465
2017-12-28,64.38,2436136,64.69,64.73,64.35,68.37044212916581
2017-12-29,64.02,6620942,64.36,64.65,64.0,68.52446203165695
2018-01-02,65.2,6321493,64.38,65.33,64.17,68.87153716690038
2018-01-03,65.94,6837514,65.22,66.06,64.69,68.75655259467037
2018-01-04,66.03,5055347,66.18,66.53,65.91,68.64156802244035
2018-01-05,66.47,5411054,66.04,66.6,65.5,68.52658345021034
2018-01-08,66.27,4264992,66.25,66.53,65.94,68.18162973352031
2018-01-09,65.27,7623344,65.64,65.86,64.94,68.0666451612903
2018-01-10,65.26,6568227,65.48,65.74,64.88,67.95166058906028
2018-01-11,65.43,4232235,65.2,65.5,65.14,67.83667601683027
2018-01-12,65.38,4989716,65.61,65.9,65.08,67.72169144460025
2018-01-16,68.25,24004060,66.23,68.65,66.03,67.2617531556802
2018-01-17,68.02,12531250,68.52,68.9,67.24,67.1467685834502
2018-01-18,68.05,6788361,67.75,68.18,67.49,67.03178401122018
2018-01-19,68.04,8861726,68.04,68.25,67.75,66.91679943899017
2018-01-22,68.67,8565469,67.81,68.75,67.705,66.57184572230013
2018-01-23,68.34,7743123,68.6,68.895,68.24,66.45686115007011
2018-01-24,67.98,12376750,68.2,68.285,67.38,66.3418765778401
2018-01-25,67.42,9106009,68.14,68.37,67.29,66.22689200561008
2018-01-26,68.53,7914514,67.94,68.53,67.6,66.11190743338007
2018-01-29,67.32,9481156,68.16,68.3,67.24,65.76695371669004
2018-01-30,66.99,7786173,67.43,67.91,66.73,65.65196914446003
2018-01-31,68.25,13682900,67.55,68.38,67.46,65.53698457223001
2018-02-01,66.8,16837390,67.0,68.35,66.32,65.422
2018-02-02,66.07,10912810,66.18,67.04,65.86,65.45855194805195
2018-02-05,61.73,35871980,66.3,66.55,60.5,65.56820779220779
2018-02-06,64.4,24136600,62.31,64.53,62.2,65.60475974025972
2018-02-07,65.04,14985820,64.22,66.12,64.02,65.64131168831167
2018-02-08,62.42,13427410,64.63,65.07,62.4,65.67786363636363
2018-02-09,63.99,23072090,62.95,64.32,61.46,65.71441558441556
2018-02-12,65.66,13617350,64.89,65.7,64.39,65.8240714285714
2018-02-13,65.7,7673101,65.23,65.76,64.98,65.86062337662335
2018-02-14,66.59,10325410,65.15,66.8,65.1044,65.8971753246753
2018-02-15,65.28,15543240,66.38,66.38,63.86,65.93372727272725
2018-02-16,64.85,11753750,64.77,65.83,64.595,65.97027922077919
2018-02-20,63.99,27419440,63.01,64.14,61.86,66.11648701298698
2018-02-21,63.4,14892350,63.12,63.86,62.65,66.15303896103893
2018-02-22,62.18,11710550,63.15,63.58,62.03,66.18959090909087
2018-02-23,63.32,6756190,62.81,63.32,62.03,66.22614285714282
2018-02-26,66.98,27310260,64.55,67.3599,64.19,66.33579870129866
2018-02-27,66.34,14182200,67.0,67.629,66.01,66.37235064935061
2018-02-28,65.0,9552993,66.7,66.72,64.911,66.40890259740254
2018-03-01,64.96,10791990,65.03,66.2372,64.33,66.4454545454545
2018-03-02,64.74,10602490,64.31,64.85,64.03,66.61262114229851
2018-03-05,64.01,15433290,64.34,65.6,63.54,67.11412093283056
2018-03-06,62.14,23413720,63.5,63.55,61.06,67.28128752967457
2018-03-07,62.49,11223920,61.49,62.61,61.425,67.4484541265186
2018-03-08,61.82,9085205,62.65,62.74,61.5655,67.61562072336261
2018-03-09,63.03,7580183,62.36,63.06,62.12,67.78278732020662
2018-03-12,62.81,15147440,63.05,63.48,62.3,68.28428711073867
2018-03-13,59.7,38552320,59.77,61.4,59.13,68.45145370758269
2018-03-14,60.12,29754510,59.9,60.38,57.895,68.61862030442671
2018-03-15,59.89,9418467,60.03,60.28,59.56,68.78578690127073
2018-03-16,60.62,25534630,60.6,61.49,60.48,68.95295349811474
2018-03-19,58.37,14028590,60.19,60.35,57.9,69.45445328864679
2018-03-20,58.26,10609650,58.99,59.0899,57.95,69.62161988549082
2018-03-21,56.81,12221250,57.5,58.28,56.77,69.78878648233483
2018-03-22,55.58,13515190,56.24,56.83,55.52,69.95595307917884
2018-03-23,53.66,14676260,55.63,56.15,53.65,70.12311967602285
2018-03-26,56.13,12090700,54.58,56.14,54.25,70.6246194665549
2018-03-27,54.84,12235250,56.59,57.24,54.54,70.79178606339893
2018-03-28,54.7,12925100,54.81,55.97,54.455,70.95895266024294
2018-03-29,55.41,8480974,55.04,55.93,54.6217,71.12611925708696
2018-04-02,53.81,15454440,55.1,55.24,53.07,71.79493029675635
2018-04-03,54.78,7928898,54.29,55.05,53.62,71.96224154589368
2018-04-04,54.99,7493471,53.8,55.12,53.421,72.12955279503102
2018-04-05,55.04,5650054,55.49,55.5,54.44,72.29686404416836
2018-04-06,53.12,8314855,54.42,54.77,53.11,72.46417529330569
2018-04-09,53.43,7607529,53.52,54.89,53.34,72.9661090407177
2018-04-10,54.77,12012040,54.58,55.01,54.215,73.13342028985504
2018-04-11,55.01,5830937,54.19,55.07,54.15,73.30073153899237
2018-04-12,55.2,7309566,55.47,55.65,55.02,73.46804278812971
2018-04-13,55.73,12201270,56.61,56.79,55.4189,73.63535403726705
2018-04-16,54.77,7849904,55.94,55.99,54.57,74.13728778467905
2018-04-17,55.35,6505810,54.99,55.6767,54.78,74.30459903381639
2018-04-18,55.23,4796636,55.14,55.62,54.88,74.47191028295373
2018-04-19,52.57,19141940,54.0,54.14,52.5,74.63922153209106
2018-04-20,51.44,11713030,52.81,52.89,51.32,74.8065327812284
2018-04-23,50.53,10850810,51.5,51.81,50.27,75.30846652864041
2018-04-24,49.94,11666910,50.88,51.29,49.38,75.47577777777775
2018-04-25,49.75,9581297,50.0,50.44,48.87,75.64308902691508
2018-04-26,50.47,13599720,49.52,50.59,48.56,75.81040027605242
2018-04-27,51.11,9231019,50.75,51.36,50.49,75.97771152518975
2018-04-30,51.01,9446366,51.25,51.82,51.0,76.47964527260176
2018-05-01,50.82,6779093,50.76,51.05,50.04,76.6469565217391
2018-05-02,50.26,8141141,51.24,51.25,49.92,76.60000400721296
2018-05-03,50.31,8581029,49.99,50.544,49.31,76.5530514926868
2018-05-04,52.49,9873810,50.18,52.6,49.9194,76.50609897816067
2018-05-07,53.01,9573159,52.58,53.27,52.52,76.36524143458223
2018-05-08,52.86,9828384,53.04,53.27,52.105,76.31828892005609
2018-05-09,53.17,6988888,52.86,53.325,52.2,76.27133640552994
2018-05-10,54.97,12264360,54.45,55.07,53.945,76.2243838910038
2018-05-11,55.23,9638470,54.76,55.79,54.619,76.17743137647764
2018-05-14,56.74,15385420,57.33,57.8,56.34,76.03657383289921
2018-05-15,55.64,12047610,56.5,56.61,55.2204,75.98962131837307
2018-05-16,56.7,8551073,55.76,56.81,55.67,75.94266880384693
2018-05-17,56.95,11446570,56.49,57.3801,56.39,75.89571628932077
2018-05-18,57.51,11997160,56.93,57.99,56.396,75.84876377479463
2018-05-21,57.71,14235140,57.68,58.27,56.765,75.7079062312162
2018-05-22,57.39,9431533,57.91,58.36,57.07,75.66095371669006
2018-05-23,58.82,11295930,56.91,58.86,56.83,75.6140012021639
2018-05-24,59.08,12381340,58.58,59.25,58.05,75.56704868763777
2018-05-25,59.96,11479430,58.85,60.0,58.81,75.52009617311161
2018-05-29,58.23,14670800,59.5,59.5999,57.7,75.33228611500704
2018-05-30,58.39,9080236,58.41,58.65,57.66,75.2853336004809
2018-05-31,58.12,12812670,58.0,58.57,57.7601,75.23838108595474
2018-06-01,58.61,8866750,58.34,58.73,58.01,75.1914285714286
2018-06-04,58.71,9629054,58.62,58.87,57.95,75.11605844155847
2018-06-05,58.98,6542890,58.86,59.6002,58.76,75.0909350649351
2018-06-06,59.84,6224100,59.26,59.85,59.11,75.06581168831173
2018-06-07,60.64,14780110,62.0,62.65,60.22,75.04068831168834
2018-06-08,60.26,7030319,60.25,60.62,59.805,75.01556493506496
2018-06-11,59.93,7334965,60.17,60.415,59.82,74.94019480519484
2018-06-12,59.79,6956630,60.11,60.38,59.545,74.91507142857145
2018-06-13,59.22,9674514,59.67,60.23,59.12,74.88994805194808
2018-06-14,59.46,8258294,59.29,59.7,58.95,74.86482467532471
2018-06-15,59.86,13803810,59.87,59.95,58.92,74.83970129870133
2018-06-18,59.2,6936311,59.31,59.37,58.92,74.7643311688312
2018-06-19,58.7,7958117,58.28,58.735,57.85,74.73920779220782
2018-06-20,58.79,6525236,59.18,59.2,58.31,74.71408441558444
2018-06-21,58.75,6540003,59.21,59.21,58.39,74.68896103896107
2018-06-22,58.5,8073976,58.78,59.1,58.43,74.6638376623377
2018-06-25,57.05,8635187,58.09,58.14,56.61,74.58846753246756
2018-06-26,56.45,8926033,57.08,57.1455,56.31,74.56334415584419
2018-06-27,55.17,11830400,56.55,57.53,55.14,74.53822077922081
2018-06-28,55.9,11715190,55.12,56.46,55.09,74.51309740259742
2018-06-29,56.12,11273960,56.13,56.86,56.08,74.48797402597405
2018-07-02,56.18,7298699,55.4,56.22,55.12,74.39550044625784
2018-07-03,55.33,3618923,56.41,56.5298,55.25,74.35327361978837
2018-07-05,57.38,11714030,55.7,57.43,55.65,74.26881996684945
2018-07-06,57.84,8806155,57.46,58.07,57.03,74.22659314037998
2018-07-09,58.04,4568391,58.06,58.305,57.23,74.09991266097158
2018-07-10,58.37,6804134,58.06,58.47,57.95,74.05768583450212
2018-07-11,57.3,8698241,57.43,58.01,56.735,74.01545900803265
2018-07-12,58.32,8426402,57.85,58.49,57.31,73.97323218156319
2018-07-13,58.39,5266069,58.25,58.78,58.18,73.93100535509373
2018-07-16,58.35,5901058,58.42,58.84,58.06,73.80432487568534
2018-07-17,58.91,7557982,57.92,58.91,57.62,73.76209804921587
2018-07-18,58.76,6192816,59.0,59.0,58.37,73.7198712227464
2018-07-19,59.31,8072315,58.71,59.59,58.65,73.67764439627695
2018-07-20,58.61,10859660,58.98,59.18,58.4002,73.63541756980747
2018-07-23,59.08,8006231,58.4,59.21,57.815,73.50873709039908
2018-07-24,58.85,6635988,59.35,59.62,58.45,73.46651026392962
2018-07-25,59.42,12645590,58.55,59.5,57.76,73.42428343746015
2018-07-26,63.58,30993600,63.05,63.76,61.26,73.38205661099069
2018-07-27,62.69,11974220,63.22,63.51,62.22,73.33982978452123
2018-07-30,62.04,9401252,62.65,62.98,61.925,73.21314930511284
2018-07-31,64.09,22276660,63.83,64.655,63.5,73.17092247864336
2018-08-01,64.35,10706150,63.55,64.87,63.55,73.1286956521739
2018-08-02,64.77,10616930,63.96,65.04,63.64,73.31357643758764
2018-08-03,65.4,7809337,64.74,65.61,64.67,73.4984572230014
2018-08-06,65.73,10876850,65.86,66.02,65.33,74.05309957924263
2018-08-07,65.44,7810190,65.93,65.93,65.25,74.23798036465638
2018-08-08,65.16,7912014,65.21,65.55,65.12,74.42286115007012
2018-08-09,65.08,6491520,65.1,65.3,64.92,74.60774193548386
2018-08-10,64.82,8316029,64.65,64.935,64.4944,74.79262272089761
2018-08-13,64.84,6092298,65.15,65.23,64.65,75.34726507713884
2018-08-14,65.43,7748474,65.09,65.62,64.7749,75.53214586255258
2018-08-15,65.68,13524180,65.14,65.82,64.545,75.71702664796634
2018-08-16,65.76,9852520,65.86,66.1,65.5315,75.90190743338007
2018-08-17,66.06,15169870,65.5,66.19,65.12,76.08678821879383
2018-08-20,66.16,13963760,66.33,66.59,65.735,76.64143057503506
2018-08-21,66.55,11979450,66.09,66.775,66.03,76.8263113604488
2018-08-22,66.84,13859700,66.22,67.08,66.21,77.01119214586255
2018-08-23,66.86,12037430,66.98,67.29,66.8,77.19607293127629
2018-08-24,67.15,15999270,67.0,67.36,66.94,77.38095371669004
2018-08-27,67.34,12576320,67.37,67.48,67.215,77.93559607293128
2018-08-28,69.78,24951230,68.56,70.4868,67.9203,78.12047685834501
2018-08-29,69.2,11831540,69.67,70.07,69.14,78.30535764375877
2018-08-30,68.14,12015000,68.97,69.16,68.0,78.4902384291725
2018-08-31,68.71,11132260,67.99,69.0,67.94,78.67511921458626
2018-09-04,69.98,13023100,68.74,70.11,68.71,79.02104347826086
2018-09-05,70.89,15304970,69.8,71.065,69.31,79.07472463768116
2018-09-06,70.36,11995700,70.85,71.35,70.19,79.12840579710145
2018-09-07,70.38,24413620,69.84,70.62,69.615,79.18208695652174
2018-09-10,72.32,14599880,70.67,72.75,70.5,79.34313043478261
2018-09-11,72.51,9499596,71.84,72.66,71.81,79.3968115942029
2018-09-12,71.75,12589970,72.09,72.5,70.02,79.4504927536232
2018-09-13,74.61,22758120,73.68,75.36,73.48,79.50417391304349
2018-09-14,75.09,12693840,74.53,76.04,74.41,79.55785507246377
2018-09-17,73.24,11556400,74.84,75.28,73.11,79.71889855072465
2018-09-18,74.72,11689650,73.8,76.5,73.51,79.77257971014494
2018-09-19,74.06,11456680,75.37,75.37,73.77,79.82626086956522
2018-09-20,74.6,11739370,74.48,75.11,74.2081,79.87994202898551
2018-09-21,73.7,21312620,74.83,74.87,73.13,79.9336231884058
2018-09-24,73.58,15442890,73.08,73.85,72.8,80.09466666666667
2018-09-25,72.74,20712780,72.64,73.57,72.58,80.14834782608696
2018-09-26,71.76,11301880,72.68,73.26,71.58,80.20202898550725
2018-09-27,71.71,12496430,72.18,72.68,71.475,80.25571014492755
2018-09-28,72.03,19770810,71.51,73.26,71.25,80.30939130434784
2018-10-01,72.6,9335121,72.46,73.43,72.1,80.4704347826087
2018-10-02,73.35,9220417,72.4,73.91,72.2719,79.97698967231928
2018-10-03,72.64,7077184,73.59,73.885,72.59,79.48354456202985
2018-10-04,72.38,8598628,72.0,72.7,71.8569,78.99009945174042
2018-10-05,71.21,11734920,72.39,72.66,70.55,78.49665434145099
2018-10-08,70.93,10083940,70.78,71.6,70.56,77.0163190105827
2018-10-09,70.13,10327510,70.76,70.96,70.09,76.52287390029328
2018-10-10,66.73,22216870,68.77,69.56,66.62,76.02942879000385
2018-10-11,64.29,25808960,66.35,66.99,63.61,75.53598367971442
2018-10-12,64.29,15656960,65.55,65.65,63.27,75.04253856942499
2018-10-15,64.17,12287910,64.23,65.2,64.01,73.5622032385567
2018-10-16,66.12,15929630,64.78,66.39,64.62,73.06875812826726
2018-10-17,66.1,14777840,66.38,66.61,65.29,72.57531301797783
2018-10-18,65.15,12214680,65.68,66.32,64.87,72.0818679076884
2018-10-19,65.36,10671850,65.45,66.21,65.0,71.58842279739898
2018-10-22,66.12,12886320,65.69,66.6,65.225,70.10808746653069
2018-10-23,66.38,13437320,63.66,66.92,63.57,69.61464235624126
2018-10-24,62.62,23301210,65.87,66.39,62.5,69.12119724595183
2018-10-25,63.2,20380830,63.81,63.83,62.35,68.6277521356624
2018-10-26,62.48,17043100,61.5,63.64,61.18,68.13430702537298
2018-10-29,62.17,14771050,63.5,63.69,61.27,66.65397169450469
2018-10-30,63.18,18862030,62.36,63.72,62.17,66.16052658421526
2018-10-31,62.89,12913140,62.91,63.52,62.0681,65.66708147392583
2018-11-01,63.71,10992620,63.2,64.31,62.88,65.1736363636364
2018-11-02,63.33,13478820,63.94,63.955,62.3401,64.88330880230885
2018-11-05,63.47,13370050,63.08,63.8021,62.66,64.01232611832616
2018-11-06,63.63,8752637,63.35,64.34,62.41,63.721998556998585
2018-11-07,63.21,18379760,63.5,63.75,62.28,63.43167099567103
2018-11-08,58.05,32152810,58.0,60.15,57.6,63.14134343434346
2018-11-09,56.72,21741670,57.78,58.2356,56.19,62.851015873015896
2018-11-12,54.49,24215770,56.37,56.5,54.43,61.98003318903321
2018-11-13,54.16,20880770,54.74,55.49,54.05,61.68970562770564
2018-11-14,53.94,13836710,54.84,54.89,53.67,61.39937806637808
2018-11-15,55.39,18849280,53.83,55.54,53.53,61.10905050505052
2018-11-16,55.88,57297720,55.12,57.04,54.99,60.81872294372295
2018-11-19,54.9,20080460,55.85,56.62,54.87,59.947740259740264
2018-11-20,54.92,20655110,54.2,55.4299,54.07,59.6574126984127
2018-11-21,55.27,13012000,55.21,56.5,55.18,59.367085137085134
2018-11-23,55.25,4671883,54.77,55.745,54.75,58.78643001443001
2018-11-26,55.73,10352690,55.79,56.38,55.175,57.91544733044732
2018-11-27,55.57,9709175,55.59,56.225,55.35,57.625119769119756
2018-11-28,56.65,17326030,55.89,56.72,54.691,57.33479220779219
2018-11-29,58.11,26873000,57.89,59.05,57.77,57.04446464646463
2018-11-30,58.26,18194030,58.22,58.47,57.02,56.75413708513707
2018-12-03,59.14,17111810,60.51,60.51,58.4,56.645022373605805
2018-12-04,57.73,15829600,58.99,59.48,57.22,56.73562879850396
2018-12-06,57.11,17893450,56.01,57.21,55.6941,56.91684164830026
2018-12-07,55.99,17050440,56.61,57.12,55.73,57.00744807319841
2018-12-10,57.24,20330070,57.77,58.25,56.64,57.27926734789287
2018-12-11,57.35,13057400,58.45,58.66,56.8313,57.36987377279102
2018-12-12,57.72,13239360,58.44,58.58,57.53,57.46048019768917
2018-12-13,58.09,8941884,58.14,58.38,57.56,57.55108662258732
2018-12-14,57.62,13550980,57.56,59.0,57.36,57.641693047485475
2018-12-17,57.0,16627350,57.59,58.34,56.67,57.913512322179926
2018-12-18,57.78,12338230,57.69,58.54,57.4,58.00411874707808
2018-12-19,56.69,17375570,57.54,58.5,56.06,58.09472517197623
2018-12-20,56.37,21739630,57.22,57.94,56.06,58.185331596874384
2018-12-21,54.85,38197880,56.26,57.28,54.69,58.27593802177253
2018-12-24,53.65,8274961,53.7,54.89,53.57,58.54775729646699
2018-12-26,55.96,18327720,54.25,56.0,53.512,58.72897014626329
2018-12-27,56.09,15447600,55.54,56.39,54.77,58.81957657116144
2018-12-28,56.81,12746290,56.33,57.53,56.24,58.910182996059596
2018-12-31,56.91,8876961,57.12,57.41,56.2818,59.182002270754055
2019-01-02,57.4,9885460,56.2,58.0,55.92,59.429427769986
2019-01-03,55.7,14395960,55.95,56.84,55.52,59.5862468443198
2019-01-04,56.6,14175400,56.5,56.83,55.2101,59.7430659186536
2019-01-07,56.44,12316290,56.39,57.16,55.945,60.213523141655
2019-01-08,55.95,12108720,56.71,56.88,55.61,60.3703422159888
2019-01-09,56.61,10970950,56.26,57.11,56.14,60.5271612903226
2019-01-10,56.8,10954470,56.19,56.99,56.1,60.6839803646564
2019-01-11,57.5,12022060,56.47,58.17,56.33,60.8407994389902
2019-01-14,57.3,9448101,57.02,57.65,56.37,61.3112566619916
2019-01-15,55.73,17278180,57.32,57.4,55.56,61.4680757363254
2019-01-16,55.27,13838750,55.75,56.08,55.16,61.6248948106592
2019-01-17,54.77,18163610,54.97,55.2,54.37,61.781713884993
2019-01-18,55.27,26141600,55.39,55.9,54.99,61.9385329593268
2019-01-22,54.29,17819940,54.97,54.99,53.94,62.565809256662
2019-01-23,51.77,33779310,52.92,53.57,51.22,62.7226283309958
2019-01-24,50.81,30259740,51.95,51.98,50.41,62.8794474053296
2019-01-25,51.3,19513010,50.93,52.03,50.28,63.036266479663404
2019-01-28,50.64,24454460,50.32,51.29,50.24,63.5067237026648
2019-01-29,49.4,26249850,50.49,50.8381,49.34,63.6635427769986
2019-01-30,50.17,17578800,49.68,50.42,49.21,63.8203618513324
2019-01-31,49.52,24558700,51.2,51.28,49.1,63.977180925666204
2019-02-01,49.61,15433480,49.58,50.28,49.4,64.134
2019-02-04,49.69,10860220,49.71,49.8,49.465,64.37795918367347
2019-02-05,50.73,15450460,49.73,51.08,49.72,64.45927891156462
2019-02-06,51.1,10879420,50.94,51.635,50.9274,64.54059863945578
2019-02-07,50.55,10590350,50.83,51.12,50.27,64.62191836734694
2019-02-08,50.29,12461180,50.24,50.68,49.91,64.7032380952381
2019-02-11,50.83,9969719,50.55,51.3,50.38,64.94719727891157
2019-02-12,51.66,16633260,51.3,52.18,51.015,65.02851700680273
2019-02-13,51.59,10994080,52.0,52.49,51.56,65.10983673469389
2019-02-14,51.57,17893140,51.5,51.765,51.0925,65.19115646258504
2019-02-15,51.98,12078990,52.08,52.36,51.6,65.2724761904762
2019-02-19,52.01,8196656,52.0,52.48,51.75,65.59775510204082
2019-02-20,52.45,12860600,52.25,52.915,52.135,65.67907482993198
2019-02-21,52.35,7814102,52.5,52.59,51.9,65.76039455782313
2019-02-22,53.12,13392890,52.69,53.15,52.64,65.84171428571429
2019-02-25,52.99,15277140,53.78,53.97,52.9,66.08567346938777
2019-02-26,53.03,11358720,53.08,53.2199,52.28,66.16699319727893
2019-02-27,53.04,10423610,52.95,53.1291,52.27,66.24831292517008
2019-02-28,53.39,18624510,53.0,53.76,52.71,66.32963265306124
2019-03-01,54.2,12304580,54.0,54.4,53.71,66.4109523809524
2019-03-04,53.78,14011760,54.58,54.7,53.255,66.87410068426199
2019-03-05,53.94,10013820,53.9,54.225,53.7,67.02848345203185
2019-03-06,54.8,20451010,53.89,55.46,53.73,67.18286621980172
2019-03-07,54.03,13648970,54.83,55.05,53.61,67.33724898757158
2019-03-08,53.53,10110120,53.45,53.63,53.03,67.49163175534144
2019-03-11,54.35,10726870,53.72,54.745,53.65,67.95478005865104
2019-03-12,54.84,9573351,54.66,55.31,54.54,68.10916282642091
2019-03-13,55.39,9107165,55.03,55.94,55.0,68.26354559419077
2019-03-14,55.4,7300908,55.53,55.87,55.25,68.41792836196063
2019-03-15,56.6,26979810,55.0,57.34,54.9201,68.57231112973051
2019-03-18,56.83,13087270,56.62,57.19,56.44,69.03545943304009
2019-03-19,56.97,9339699,57.17,57.68,56.775,69.18984220080996
2019-03-20,57.16,8795319,57.03,57.69,56.75,69.34422496857982
2019-03-21,57.77,19508070,57.23,58.28,57.2,69.49860773634968
2019-03-22,56.82,10241290,57.68,58.09,56.7548,69.65299050411956
2019-03-25,56.64,6929255,56.58,56.9369,56.07,70.11613880742915
2019-03-26,58.0,16035850,57.15,58.39,56.67,70.27052157519901
2019-03-27,56.91,11905380,57.35,57.665,56.32,70.42490434296887
2019-03-28,56.55,11064020,57.03,57.39,56.34,70.57928711073875
2019-03-29,57.03,8524335,57.0,57.555,56.94,70.7336698785086
2019-04-01,57.81,11937700,57.64,58.15,57.11,71.1968181818182
2019-04-02,58.09,7438715,57.98,58.53,57.66,71.17447496706194
2019-04-03,57.68,11562320,58.2,58.29,57.18,71.15213175230568
2019-04-04,57.86,9902964,57.75,58.61,57.69,71.12978853754942
2019-04-05,57.99,12331840,57.98,58.19,57.685,71.10744532279317
2019-04-08,57.76,8936237,57.79,58.49,57.505,71.04041567852438
2019-04-09,57.44,11712820,57.57,57.66,57.03,71.01807246376812
2019-04-10,56.33,15972490,57.71,57.86,56.1,70.99572924901186
2019-04-11,55.9,13880440,56.44,56.9,55.785,70.9733860342556
2019-04-12,56.95,13461600,56.28,57.17,56.07,70.95104281949934
2019-04-15,57.18,10710850,57.14,57.67,57.025,70.88401317523056
2019-04-16,70.45,85262370,57.46,71.03,57.29,70.8616699604743
2019-04-17,79.08,155953900,78.82,82.52,76.49,70.83932674571804
2019-04-18,79.89,41101250,78.72,80.2,78.0202,70.81698353096178
2019-04-22,81.97,33250190,79.83,82.5,79.3376,70.72761067193674
2019-04-23,86.72,56825660,83.9,87.96,83.27,70.70526745718048
2019-04-24,86.83,40260830,87.04,88.63,85.3,70.68292424242422
2019-04-25,85.07,20660020,86.17,86.32,84.515,70.66058102766796
2019-04-26,86.64,18738320,84.51,86.755,84.21,70.6382378129117
2019-04-29,87.25,17681060,86.4,87.98,85.84,70.57120816864293
2019-04-30,86.13,17522180,86.98,87.4599,86.05,70.54886495388666
2019-05-01,86.37,28211470,87.17,88.22,86.15,70.5265217391304
2019-05-02,87.14,40341970,87.5,90.34,86.15,70.29327910238426
2019-05-03,89.29,21068420,87.76,89.82,87.06,70.06003646563812
2019-05-06,88.25,15682130,86.33,88.695,86.14,69.3603085553997
2019-05-07,85.2,21579490,87.2,88.15,84.78,69.12706591865356
2019-05-08,84.54,15500670,84.85,85.72,84.11,68.8938232819074
2019-05-09,83.78,14515980,83.37,84.8372,82.26,68.66058064516126
2019-05-10,85.84,15955600,83.38,86.3292,83.35,68.42733800841512
2019-05-13,83.89,16689040,83.24,84.85,82.99,67.7276100981767
2019-05-14,86.13,14353740,84.27,86.44,84.0,67.49436746143056
2019-05-15,86.26,11784840,85.55,87.0,84.89,67.26112482468442
2019-05-16,82.81,22498840,83.79,84.8,82.13,67.02788218793827
2019-05-17,81.5,19523410,80.49,83.12,80.0,66.79463955119213
2019-05-20,76.62,32679280,77.95,78.33,76.07,66.09491164095371
2019-05-21,77.75,17282160,78.91,79.04,77.22,65.86166900420756
2019-05-22,69.31,66150730,69.13,71.74,67.97,65.62842636746142
2019-05-23,68.255,31820660,67.02,68.27,65.9,65.39518373071527
2019-05-24,66.21,21419950,68.93,69.15,65.9686,65.16194109396913
2019-05-28,65.37,22667320,66.64,67.71,65.235,64.22897054698457
2019-05-29,65.76,16312640,65.36,66.15,64.76,63.99572791023843
2019-05-30,66.59,11554570,65.97,67.07,65.93,63.76248527349228
2019-05-31,66.82,15060330,65.78,67.84,65.53,63.52924263674614
2019-06-03,66.66,13620740,67.09,68.13,66.28,63.342933333333335
2019-06-04,68.45,15866730,67.61,68.5,66.7,63.3664
2019-06-05,67.02,11779190,68.04,68.33,65.83,63.38986666666666
2019-06-06,67.59,10781680,66.92,67.97,66.265,63.413333333333334
2019-06-07,68.69,10495640,67.69,68.78,67.3,63.4368
2019-06-10,70.54,15229200,69.0,71.46,69.0,63.5072
2019-06-11,71.24,11839510,71.58,72.22,70.2732,63.53066666666667
2019-06-12,69.59,9396217,69.53,70.37,69.2,63.55413333333333
2019-06-13,69.93,6790485,69.97,70.49,69.38,63.5776
2019-06-14,68.72,12119480,68.35,69.12,67.9,63.60106666666667
2019-06-17,69.11,9411062,69.09,69.98,68.9,63.67146666666667
2019-06-18,71.96,14507950,69.69,72.39,69.67,63.69493333333333
2019-06-19,71.8,11999270,72.37,72.62,70.8,63.7184
2019-06-20,72.74,9871805,73.19,73.67,72.228,63.74186666666667
2019-06-21,72.72,15244480,72.31,73.17,72.31,63.76533333333333
2019-06-24,73.16,8893028,72.97,73.45,72.2,63.83573333333333
2019-06-25,72.55,8953434,73.23,74.135,72.52,63.8592
2019-06-26,74.95,13807970,73.76,75.695,73.65,63.882666666666665
2019-06-27,75.43,11151880,75.34,75.9,75.17,63.90613333333334
2019-06-28,76.07,29217470,75.66,76.44,74.81,63.9296
2019-07-01,77.52,17705710,80.67,80.76,77.08,64.0
2019-07-02,77.01,7079400,77.28,77.48,76.62,63.846686217008795
2019-07-03,76.63,5290377,77.07,77.23,76.05,63.6933724340176
2019-07-05,76.66,9220821,74.2,76.72,74.1,63.38674486803519
2019-07-08,76.63,7924854,75.98,77.03,75.93,62.92680351906158
2019-07-09,76.55,7506644,76.44,76.84,75.84,62.773489736070374
2019-07-10,74.36,15075740,76.83,76.91,74.08,62.62017595307917
2019-07-11,73.71,14298370,74.52,75.78,73.299,62.46686217008797
2019-07-12,74.9,8028070,74.25,74.98,73.66,62.313548387096766
2019-07-15,75.43,8898617,75.15,75.9,74.79,61.85360703812316
2019-07-16,75.67,9909569,75.11,76.5,74.55,61.70029325513195
2019-07-17,75.76,20602290,78.57,79.4,75.71,61.54697947214075
2019-07-18,74.37,12585090,74.97,75.35,74.05,61.39366568914954
2019-07-19,75.0,14477780,74.42,75.71,74.42,61.240351906158345
2019-07-22,75.95,9645759,75.06,76.62,75.06,60.78041055718473
2019-07-23,74.12,14420370,75.34,75.59,73.31,60.62709677419353
2019-07-24,75.87,14012730,74.01,76.42,73.68,60.47378299120233
2019-07-25,75.35,7299472,75.84,76.14,75.0965,60.32046920821112
2019-07-26,75.22,8262592,75.11,75.85,74.85,60.16715542521992
2019-07-29,74.97,8237515,75.16,76.32,74.67,59.70721407624631
2019-07-30,74.81,7397857,74.58,75.07,74.36,59.55390029325511
2019-07-31,73.16,14052750,74.83,75.28,72.757,59.400586510263906
2019-08-01,71.2,29729750,68.88,73.71,68.25,59.2472727272727
2019-08-02,71.15,12649400,70.44,71.525,70.0102,59.34671554252197
2019-08-05,68.8,13071790,69.97,70.84,68.56,59.64504398826977
2019-08-06,68.17,13189860,69.52,69.93,67.38,59.74448680351904
2019-08-07,69.4,8934864,67.26,69.6,67.12,59.84392961876831
2019-08-08,71.26,8367865,69.56,71.35,69.35,59.943372434017576
2019-08-09,71.5,8702158,70.51,72.185,70.19,60.042815249266845
2019-08-12,69.8,7364325,71.0,71.4799,69.73,60.341143695014644
2019-08-13,72.18,10320090,69.89,72.47,69.31,60.44058651026391
2019-08-14,70.88,10337330,70.64,71.89,70.55,60.54002932551318
2019-08-15,71.16,9122466,71.44,72.19,70.59,60.63947214076245
2019-08-16,73.28,10404360,71.85,73.41,71.73,60.73891495601172
2019-08-19,74.87,9690401,74.58,75.53,74.14,61.03724340175952
2019-08-20,76.07,9390323,74.57,76.435,74.33,61.13668621700879
2019-08-21,76.7,11005470,76.5,77.19,75.99,61.236129032258056
2019-08-22,77.15,7199830,76.91,77.95,76.6,61.335571847507325
2019-08-23,73.52,16481000,76.12,79.1,73.22,61.435014662756586
2019-08-26,72.91,11157100,74.9,75.09,72.52,61.73334310850439
2019-08-27,73.97,7305375,73.68,74.38,73.2,61.83278592375366
2019-08-28,74.35,5679043,73.79,74.88,72.91,61.93222873900293
2019-08-29,76.45,7348577,75.22,77.025,75.22,62.03167155425219
2019-08-30,77.77,8465646,77.18,78.05,77.0,62.13111436950146
2019-09-03,75.12,7580872,76.77,76.99,74.7,62.132666666666665
2019-09-04,77.09,4923888,75.99,77.12,75.63,62.034
2019-09-05,78.99,13480670,77.89,80.44,77.89,61.93533333333333
2019-09-06,78.84,5127957,78.96,79.079,78.44,61.836666666666666
2019-09-09,78.21,6885162,79.04,79.45,77.968,61.54066666666667
2019-09-10,78.71,9373881,78.03,78.875,77.34,61.442
2019-09-11,79.9,6575726,78.17,79.905,78.12,61.343333333333334
2019-09-12,79.08,5847092,80.05,80.05,78.58,61.24466666666667
2019-09-13,78.41,5343695,79.18,79.535,78.37,61.146
2019-09-16,78.04,3756484,77.58,78.485,76.91,60.849999999999994
2019-09-17,78.69,4436415,77.61,78.79,77.51,60.75133333333333
2019-09-18,78.9,5197751,78.69,79.07,77.64,60.65266666666666
2019-09-19,78.23,5451003,79.24,80.0,78.21,60.553999999999995
2019-09-20,76.44,9502747,78.2,78.7,76.17,60.45533333333333
2019-09-23,77.24,6264899,76.67,77.91,76.0564,60.15933333333333
2019-09-24,75.23,10446110,78.08,78.3,74.63,60.06066666666666
2019-09-25,77.26,5700037,75.03,77.49,74.88,59.961999999999996
2019-09-26,77.35,3803609,77.16,77.69,75.94,59.86333333333333
2019-09-27,76.63,5013911,77.01,78.2,76.21,59.76466666666666
2019-09-30,76.28,5286277,76.89,76.95,76.02,59.468666666666664
2019-10-01,75.47,7049574,77.06,78.06,74.97,59.37
2019-10-02,73.99,6288051,75.26,75.71,73.77,59.47884792626728
2019-10-03,75.73,5633505,73.93,75.83,73.16,59.58769585253456
2019-10-04,77.49,4920357,76.32,77.56,75.84,59.69654377880184
2019-10-07,76.34,4400559,77.01,77.55,76.27,60.02308755760368
2019-10-08,72.85,9194400,75.52,75.82,72.81,60.13193548387096
2019-10-09,74.35,5271440,73.91,74.8,73.56,60.24078341013824
2019-10-10,74.97,6199401,74.35,75.9656,74.17,60.34963133640552
2019-10-11,76.7,7398164,76.19,77.82,76.01,60.4584792626728
2019-10-14,76.3,4660287,76.65,77.37,76.28,60.785023041474645
2019-10-15,77.82,5241661,76.88,77.98,76.28,60.893870967741925
2019-10-16,78.23,6366587,77.49,78.32,77.28,61.002718894009206
2019-10-17,78.97,5923920,78.7,79.96,78.4,61.111566820276494
2019-10-18,77.68,6110981,78.62,79.22,77.6725,61.220414746543774
2019-10-21,78.98,5307232,78.38,79.09,78.01,61.546958525345616
2019-10-22,78.47,5107829,78.93,79.07,78.2405,61.6558064516129
2019-10-23,77.24,5937606,77.21,78.13,76.87,61.76465437788018
2019-10-24,78.99,5422321,78.06,79.02,77.59,61.87350230414746
2019-10-25,80.17,6712346,79.0,80.23,78.91,61.98235023041474
2019-10-28,83.05,9949753,80.55,83.13,80.54,62.30889400921658
2019-10-29,81.66,4993553,82.75,82.85,81.44,62.41774193548386
2019-10-30,81.44,3970995,82.1,82.2482,80.85,62.52658986175114
2019-10-31,80.44,5693660,81.44,81.47,79.84,62.63543778801842
2019-11-01,83.58,8620326,81.59,83.65,81.25,62.7442857142857
2019-11-04,85.09,8389196,84.54,85.87,84.3082,63.05531168831168
2019-11-05,85.46,7280027,85.2,85.74,84.73,63.15898701298701
2019-11-06,84.63,9755311,85.34,85.605,84.2242,63.262662337662334
2019-11-07,89.98,30254020,89.83,92.5,88.32,63.36633766233766
2019-11-08,94.03,16375240,89.98,94.11,89.6,63.470012987012986
2019-11-11,91.84,11301320,91.71,92.5244,90.89,63.781038961038966
2019-11-12,90.97,9335820,92.18,92.25,90.17,63.884714285714296
2019-11-13,90.47,9519644,90.7,91.9,89.62,63.988389610389625
2019-11-14,90.48,8794397,90.31,90.58,89.43,64.09206493506495
2019-11-15,90.81,25491090,92.6,93.94,90.5801,64.19574025974028
2019-11-18,90.48,10367010,90.81,91.975,89.28,64.50676623376626
2019-11-19,87.96,18096640,91.25,91.39,86.68,64.61044155844158
2019-11-20,85.62,13050440,87.82,88.36,85.31,64.71411688311692
2019-11-21,85.11,10180380,84.79,86.3,84.55,64.81779220779224
2019-11-22,84.89,6166677,85.29,85.82,84.53,64.92146753246756
2019-11-25,85.29,8967364,85.76,86.29,85.08,65.23249350649354
2019-11-26,84.63,11587630,85.25,85.545,84.14,65.33616883116886
2019-11-27,84.8,5217649,85.16,85.31,84.4713,65.4398441558442
2019-11-29,83.55,3882382,84.51,85.1,83.42,65.64719480519484
2019-12-02,82.45,7677407,83.98,84.29,82.31,65.78188830804544
2019-12-03,80.58,11241840,81.38,81.39,79.81,65.70923116154538
2019-12-04,82.08,8478868,80.92,82.44,80.45,65.63657401504531
2019-12-05,82.585,6362029,82.65,83.4409,81.78,65.56391686854525
2019-12-06,83.82,6861714,83.45,84.25,83.42,65.49125972204519
2019-12-09,84.92,8464304,84.0,85.3,83.8401,65.27328828254498
2019-12-10,84.115,8085329,85.04,85.33,83.69,65.20063113604492
2019-12-11,86.99,9577072,84.84,87.1,84.76,65.12797398954486
2019-12-12,89.05,12174230,86.84,89.229,86.37,65.05531684304479
2019-12-13,87.83,12270500,88.91,89.7,87.564,64.98265969654473
2019-12-16,88.43,8719995,89.28,90.46,88.35,64.76468825704454
2019-12-17,88.32,7487131,89.0,89.04,87.68,64.69203111054446
2019-12-18,87.98,5869644,88.54,88.65,87.59,64.6193739640444
2019-12-19,88.49,7802786,88.36,88.701,87.62,64.54671681754434
2019-12-20,88.85,17593140,88.82,89.85,88.18,64.47405967104427
2019-12-23,88.45,7277068,89.01,89.33,88.245,64.25608823154408
2019-12-24,88.77,2435244,88.62,88.81,87.98,64.18343108504402
2019-12-26,88.4,5072875,88.92,88.96,87.9965,64.0381167920439
2019-12-27,88.8,5809692,88.9,88.95,88.09,63.965459645543824
2019-12-30,88.43,6545516,88.71,88.78,87.31,63.74748820604363
2019-12-31,88.23,5173531,87.99,88.77,87.88,63.674831059543564
2020-01-02,88.69,8416991,89.05,89.81,88.08,63.324797335203385
2020-01-03,87.02,8340945,87.26,87.64,86.44,63.04742075736328
2020-01-06,86.51,8383247,85.91,86.55,85.54,62.21529102384294
2020-01-07,88.97,8477788,87.04,89.49,86.91,61.93791444600282
2020-01-08,88.71,7621947,88.9,89.47,87.92,61.66053786816271
2020-01-09,89.91,9182018,89.66,90.72,88.83,61.3831612903226
2020-01-10,90.26,9670161,90.51,92.39,89.87,61.10578471248249
2020-01-13,90.97,10372100,91.05,92.73,90.5485,60.27365497896215
2020-01-14,90.56,7801839,91.13,91.61,90.29,59.996278401122034
2020-01-15,89.67,7259093,90.75,91.18,89.25,59.718901823281925
2020-01-16,91.79,9295519,90.22,92.229,89.82,59.44152524544181
2020-01-17,95.91,23694370,93.0,96.17,92.95,59.164148667601694
2020-01-21,94.54,10868540,95.33,95.7199,93.4229,58.054642356241246
2020-01-22,92.97,8342302,95.26,95.39,92.71,57.77726577840113
2020-01-23,92.0,11282020,92.85,92.95,91.46,57.49988920056102
2020-01-24,89.65,9471659,92.68,93.25,88.83,57.222512622720906
2020-01-27,87.05,9240203,87.304,88.22,86.45,56.390382889200566
2020-01-28,89.15,9186993,88.15,89.54,87.3861,56.11300631136045
2020-01-29,88.23,8167966,88.66,89.02,87.35,55.83562973352034
2020-01-30,87.78,8379356,87.31,87.86,86.19,55.55825315568023
2020-01-31,85.31,9503569,87.05,87.1677,85.04,55.28087657784012
2020-02-03,86.48,7794550,85.55,86.58,85.16,53.484763322884014
2020-02-04,88.93,9236376,88.25,88.95,87.37,52.72539498432602
2020-02-05,90.91,14220870,90.99,91.14,89.27,51.96602664576803
2020-02-06,90.61,21059030,88.06,90.775,86.19,51.206658307210034
2020-02-07,87.42,10725090,89.62,90.03,87.38,50.44728996865204
2020-02-10,88.6,7481257,86.78,88.635,86.5,48.169184952978064
2020-02-11,90.0,9452795,89.37,91.47,88.9,47.409816614420066
2020-02-12,91.72,9824153,91.65,92.44,91.29,46.650448275862075
2020-02-13,90.03,8428261,91.03,91.3799,89.7772,45.891079937304085
2020-02-14,89.6,6256463,90.55,90.8,88.79,45.131711598746094
2020-02-18,88.03,7251738,87.83,89.0,87.525,42.094238244514116
2020-02-19,90.56,7820938,88.92,90.62,88.65,41.334869905956126
2020-02-20,89.47,9754899,90.81,91.88,88.68,40.575501567398135
2020-02-21,87.03,12260940,88.56,89.03,86.33,39.81613322884014
2020-02-24,83.32,12158500,83.9,84.83,82.71,37.53802821316616
2020-02-25,80.22,14724970,83.94,84.4,79.64,36.77865987460817
2020-02-26,79.66,13137750,81.0,82.03,79.09,36.019291536050176
2020-02-27,75.94,17898300,77.13,78.19,75.33,35.25992319749218
2020-02-28,78.3,20905480,73.76,79.81,73.34,34.50055485893418
2020-03-02,80.56,15043360,79.015,80.71,77.13,32.67070381231673
2020-03-03,78.56,16356240,80.82,82.65,77.83,32.35958944281526
2020-03-04,81.8,9894894,79.12,81.91,78.05,32.048475073313796
2020-03-05,79.17,9396192,79.46,81.37,78.7,31.737360703812328
2020-03-06,77.47,11536520,76.33,78.08,75.83,31.42624633431086
2020-03-09,72.64,13898510,72.4,76.1,71.83,30.492903225806458
2020-03-10,78.89,13615620,74.8,79.04,74.16,30.18178885630499
2020-03-11,74.62,13385130,76.29,77.79,73.72,29.870674486803523
2020-03-12,67.02,19386250,69.52,72.53,67.0,29.559560117302055
2020-03-13,75.81,15971420,71.18,76.67,67.26,29.248445747800588
2020-03-16,64.48,16134660,68.28,71.17,64.46,28.315102639296185
2020-03-17,68.86,16864540,65.91,69.81,62.2,28.003988269794718
2020-03-18,61.19,18381230,63.56,65.56,58.0,27.69287390029325
2020-03-19,65.0,17127380,61.12,67.55,59.04,27.381759530791783
2020-03-20,60.91,16591460,65.03,67.98,60.79,27.070645161290315
2020-03-23,62.53,14920270,61.55,64.86,59.11,26.13730205278591
2020-03-24,65.46,18966800,66.0,67.62,62.19,25.82618768328444
2020-03-25,63.08,15969790,65.9,66.96,62.46,25.515073313782974
2020-03-26,68.98,15837900,64.0,69.655,63.25,25.203958944281506
2020-03-27,66.59,9739098,66.5,69.12,65.93,24.89284457478004
2020-03-30,69.03,9880831,67.19,69.5,66.06,23.959501466275636
2020-03-31,67.65,13216270,69.3,70.36,66.66,23.64838709677417
2020-04-01,65.9,14167920,65.0,68.7,65.0,23.3372727272727
2020-04-02,68.02,15432870,65.87,68.26,65.31,23.59352236652234
2020-04-03,65.23,8600729,67.68,68.69,64.55,23.84977200577198
2020-04-06,70.95,12153090,68.5,71.37,67.65,24.6185209235209
2020-04-07,72.73,11285560,73.66,74.9,70.86,24.87477056277054
2020-04-08,73.33,10695610,73.7,74.375,72.42,25.13102020202018
2020-04-09,71.58,15465070,74.62,74.84,70.0,25.38726984126982
2020-04-13,73.3,7896541,71.71,73.51,71.44,26.41226839826838
2020-04-14,77.55,11314130,75.0,77.665,74.975,26.66851803751802
2020-04-15,75.99,9951706,75.864,76.34,74.03,26.92476767676766
2020-04-16,76.85,8819658,76.86,77.69,75.38,27.1810173160173
2020-04-17,76.17,9925952,77.32,78.25,75.48,27.437266955266942
2020-04-20,74.31,7217662,75.022,76.23,74.1,28.20601587301586
2020-04-21,71.84,9273758,73.31,73.97,71.75,28.4622655122655
2020-04-22,74.68,7367881,73.79,75.34,72.75,28.718515151515142
2020-04-23,73.81,7673845,75.0,76.17,73.76,28.97476479076478
2020-04-24,76.04,6073839,73.92,76.11,73.66,29.23101443001442
2020-04-27,75.98,7219462,76.59,77.8201,75.49,29.99976334776334
2020-04-28,75.29,6250473,77.108,77.78,75.16,30.25601298701298
2020-04-29,78.97,11950170,77.17,79.24,76.83,30.51226262626262
2020-04-30,78.67,17113450,80.27,80.87,77.28,30.76851226551226
2020-05-01,75.64,9742126,76.85,77.59,74.68,31.0247619047619
2020-05-04,75.68,7202849,75.16,75.94,74.09,31.88629521016617
2020-05-05,77.63,7540822,76.75,78.81,76.56,32.17347297863426
2020-05-06,78.87,8179660,78.81,80.14,78.52,32.46065074710235
2020-05-07,78.83,7295662,79.7,80.17,78.2601,32.74782851557044
2020-05-08,80.56,7891915,79.7,81.09,79.36,33.03500628403853
2020-05-11,80.48,6604560,80.29,81.27,79.54,33.8965395894428
2020-05-12,78.42,7318108,81.29,81.79,78.4,34.18371735791089
2020-05-13,78.0,9584756,78.86,79.51,76.75,34.470895126378984
2020-05-14,79.87,9956772,77.5,80.0,76.47,34.758072894847075
2020-05-15,75.77,29597760,74.67,77.7,74.37,35.045250663315166
2020-05-18,79.94,13196130,77.27,80.18,77.21,35.90678396871944
2020-05-19,78.09,8118408,79.75,80.15,78.0,36.19396173718753
2020-05-20,80.63,11379190,79.96,81.96,79.69,36.48113950565562
2020-05-21,78.0,8141452,79.47,80.0906,77.8738,36.7683172741237
2020-05-22,78.7,5530399,78.26,78.76,77.29,37.0554950425918
2020-05-26,78.02,10067340,80.19,80.57,77.775,38.20420611646416
2020-05-27,79.29,9125850,78.27,79.32,76.16,38.49138388493225
2020-05-28,78.11,11170860,80.24,81.48,77.73,38.77856165340034
2020-05-29,80.88,10562460,78.7,81.2,77.9,39.06573942186843
2020-06-01,79.73,6477494,79.89,80.48,79.24,39.9272727272727
2020-06-02,84.63,13255330,79.93,84.8798,79.91,40.023479578392596
2020-06-03,84.11,13029320,84.95,85.95,83.62,40.11968642951249
2020-06-04,86.04,12108970,83.95,86.7,83.95,40.21589328063239
2020-06-05,88.55,11882090,88.0,89.48,87.82,40.31210013175229
2020-06-08,91.37,9748317,89.0,91.5,88.34,40.60072068511198
2020-06-09,89.75,7327712,90.23,90.39,89.06,40.696927536231875
2020-06-10,91.01,9079720,90.25,92.14,90.03,40.79313438735177
2020-06-11,84.02,15241700,88.62,89.055,83.91,40.889341238471665
2020-06-12,85.24,10113210,86.25,87.14,83.53,40.98554808959157
2020-06-15,86.39,9861051,83.67,86.57,83.1,41.27416864295125
2020-06-16,89.52,12646620,89.9,90.44,87.76,41.370375494071155
2020-06-17,89.94,7620251,90.68,91.085,89.3,41.46658234519105
2020-06-18,89.92,5709537,89.85,90.49,89.03,41.562789196310945
2020-06-19,88.81,23213760,89.87,90.25,87.535,41.65899604743084
2020-06-22,89.13,8028040,88.72,89.44,87.61,41.94761660079053
2020-06-23,89.35,7778700,90.14,90.61,89.11,42.04382345191043
2020-06-24,89.14,8208755,89.175,89.83,87.42,42.14003030303032
2020-06-25,88.96,7062645,88.7,89.46,87.32,42.236237154150224
2020-06-26,88.02,9126471,89.07,89.73,87.54,42.33244400527012
2020-06-29,89.01,5870389,88.211,89.15,86.68,42.62106455862981
2020-06-30,91.21,9378521,89.2,91.93,89.0,42.717271409749706
2020-07-01,89.78,6990619,91.01,91.3,89.58,42.8134782608696
2020-07-02,91.87,8317278,91.09,92.5,90.8,42.860048086555835
2020-07-06,92.92,6933086,93.21,93.75,92.1,43.04632738930078
2020-07-07,92.14,6722402,92.97,93.55,91.91,43.09289721498701
2020-07-08,93.53,6692687,93.27,93.6,92.34,43.13946704067325
2020-07-09,93.25,6287666,93.95,93.95,91.44,43.18603686635949
2020-07-10,92.51,5687563,93.0,93.52,91.56,43.23260669204572
2020-07-13,91.33,7606351,93.3,94.125,91.2,43.37231616910443
2020-07-14,92.38,6570953,90.86,92.62,89.2,43.418885994790664
2020-07-15,92.55,6154056,92.93,92.93,91.01,43.4654558204769
2020-07-16,91.2,6178667,91.264,91.747,90.68,43.51202564616313
2020-07-17,92.23,5985862,91.68,92.455,91.0,43.55859547184937
2020-07-20,93.17,5407473,92.192,93.27,91.3,43.698304948908074
2020-07-21,92.31,7099738,93.55,93.85,91.81,43.744874774594315
2020-07-22,92.6,4366672,92.74,93.29,91.67,43.79144460028055
2020-07-23,89.67,9438516,92.91,92.97,89.2287,43.83801442596678
2020-07-24,88.89,9519999,89.21,90.29,87.51,43.88458425165302
2020-07-27,92.7,8021665,90.023,92.84,89.26,44.024293728711726
2020-07-28,91.45,5818417,92.171,92.59,90.57,44.07086355439796
2020-07-29,93.03,11453040,92.08,93.62,91.74,44.117433380084194
2020-07-30,107.19,42122510,102.42,107.69,100.7,44.164003205770435
2020-07-31,105.61,16770270,105.66,107.753,104.51,44.21057303145667
2020-08-03,109.59,18903470,107.4,113.0,107.0341,44.05251780477591
2020-08-04,110.95,10205400,109.49,111.02,108.66,43.95020527859241
2020-08-05,111.39,7970393,111.0,112.46,110.08,43.84789275240892
2020-08-06,111.06,6392228,111.23,111.36,109.93,43.74558022622542
2020-08-07,108.25,11155940,110.01,111.05,106.0,43.643267700041925
2020-08-10,106.36,10087130,108.6,108.99,105.7226,43.33633012149143
2020-08-11,108.83,17802960,106.2,112.01,104.74,43.23401759530793
2020-08-12,115.79,18672310,110.39,116.25,109.65,43.131705069124436
2020-08-13,113.41,9958426,116.2,116.2,112.77,43.02939254294094
2020-08-14,113.74,6640963,113.3,114.52,112.57,42.927080016757444
2020-08-17,112.18,10282990,113.29,114.49,110.63,42.620142438206955
2020-08-18,112.03,6387011,112.91,113.38,111.52,42.51782991202346
2020-08-19,111.04,7747599,112.33,113.47,110.75,42.41551738583996
2020-08-20,110.66,7200318,110.0,110.98,109.67,42.313204859656466
2020-08-21,113.0,8546881,110.23,113.15,109.95,42.21089233347297
2020-08-24,115.91,10235000,114.37,116.0,113.27,41.90395475492248
2020-08-25,115.95,6207980,116.11,117.1,114.44,41.80164222873898
2020-08-26,116.04,7487404,116.25,116.55,115.17,41.69932970255548
2020-08-27,116.02,8206185,116.43,118.18,115.35,41.597017176371985
2020-08-28,118.2,6280250,116.71,118.26,116.17,41.49470465018849
2020-08-31,119.1,9694649,118.332,121.06,118.12,41.187767071638
2020-09-01,122.01,9101301,121.08,122.57,119.51,41.0854545454545
2020-09-02,123.18,9167699,123.26,123.9299,121.81,41.064939393939355
2020-09-03,116.43,13560800,121.3,121.71,115.6,41.044424242424206
2020-09-04,115.97,11064280,115.69,117.82,112.38,41.02390909090905
2020-09-08,109.77,10245170,111.94,113.88,109.62,40.94184848484845
2020-09-09,114.02,9708449,113.48,115.77,112.3,40.9213333333333
2020-09-10,112.44,6166312,115.15,115.81,111.57,40.90081818181815
2020-09-11,113.42,6740182,113.38,114.845,112.4,40.880303030303004
2020-09-14,113.46,5397303,115.24,115.43,112.65,40.81875757575755
2020-09-15,116.58,8773740,114.94,117.81,114.79,40.7982424242424
2020-09-16,114.56,6342106,118.0,118.0,114.54,40.77772727272725
2020-09-17,114.88,7418146,111.92,115.6999,111.0,40.7572121212121
2020-09-18,110.69,15443200,115.04,115.43,109.8,40.73669696969695
2020-09-21,111.92,8197611,109.16,112.14,108.3,40.6751515151515
2020-09-22,113.82,6911176,112.61,114.25,110.415,40.65463636363635
2020-09-23,110.57,6553322,113.64,113.93,110.07,40.6341212121212
2020-09-24,112.19,6848958,109.39,113.29,109.24,40.61360606060605
2020-09-25,114.5,11717990,113.55,115.75,111.8,40.5930909090909
2020-09-28,118.47,9043578,115.96,118.7391,114.92,40.53154545454545
2020-09-29,117.38,5687851,118.14,119.25,117.2,40.511030303030296
2020-09-30,117.68,5829731,117.5,119.255,116.9238,40.49051515151515
2020-10-01,119.52,5316766,119.93,120.205,117.7,40.47
2020-10-02,115.47,5834337,116.78,118.66,115.43,40.558847926267276
2020-10-05,120.52,5835936,116.9,120.65,116.73,40.82539170506912
2020-10-06,119.54,7636963,120.45,122.52,119.1,40.9142396313364
2020-10-07,123.03,7410347,121.235,123.36,120.65,41.003087557603685
2020-10-08,122.34,4757536,124.0,124.43,121.84,41.09193548387096
2020-10-09,124.87,11073410,123.93,125.89,122.79,41.18078341013825
2020-10-12,126.69,7893835,127.6996,127.6996,124.9523,41.447327188940086
2020-10-13,127.46,7605706,127.47,128.18,125.4,41.536175115207364
2020-10-14,129.88,13183610,129.08,132.42,128.93,41.62502304147465
2020-10-15,128.58,7377948,127.3,129.135,126.65,41.713870967741926
2020-10-16,129.03,6626992,129.7,130.19,127.735,41.80271889400921
2020-10-19,128.42,5765840,130.127,131.96,127.7,42.06926267281105
2020-10-20,128.3,4413343,129.18,129.33,127.51,42.158110599078334
2020-10-21,128.55,4343992,128.04,130.42,126.37,42.24695852534561
2020-10-22,128.38,3897002,129.51,129.59,126.86,42.33580645161289
2020-10-23,128.88,3943056,128.59,129.1,127.1,42.424654377880174
2020-10-26,126.2,6065923,127.53,128.67,124.4,42.69119815668201
2020-10-27,125.91,5825518,126.51,126.96,125.19,42.7800460829493
2020-10-28,121.58,8234821,123.5,123.82,121.05,42.868894009216575
2020-10-29,126.44,7053259,122.06,127.69,121.89,42.95774193548386
2020-10-30,123.36,7814462,123.68,125.245,121.6,43.04658986175114
2020-11-02,123.97,5860276,124.5,126.17,122.41,43.445287784679074
2020-11-03,125.45,5832837,125.44,126.92,124.69,43.66628985507245
2020-11-04,128.97,12608900,129.325,129.57,126.07,43.88729192546583
2020-11-05,145.41,27910880,145.819,148.8,141.83,44.108293995859206
2020-11-06,145.01,7278458,146.01,146.232,143.96,44.32929606625258
2020-11-09,142.61,10666300,149.41,149.41,142.44,44.992302277432714
2020-11-10,140.11,12019880,140.148,143.17,138.53,45.21330434782609
2020-11-11,147.69,10222700,144.5,148.09,144.0,45.434306418219464
2020-11-12,143.91,8585640,147.57,148.51,143.07,45.655308488612846
2020-11-13,144.26,5902150,145.538,146.25,143.23,45.87631055900622
2020-11-16,149.07,7598487,145.2,149.25,144.55,46.539316770186346
2020-11-17,148.74,7438646,149.02,149.85,147.1836,46.76031884057973
2020-11-18,147.05,12124510,149.24,153.33,146.91,46.9813209109731
2020-11-19,147.53,7743707,146.561,149.3,145.46,47.20232298136648
2020-11-20,146.03,5555858,148.28,149.1,145.94,47.42332505175986
2020-11-23,143.82,11654920,142.35,147.0,141.8801,48.086331262939986
2020-11-24,145.93,10807320,143.39,146.33,141.11,48.30733333333336
2020-11-25,144.08,6398910,145.95,147.49,144.04,48.52833540372674
2020-11-27,143.83,3878048,145.49,146.43,143.7,48.97033954451349
2020-11-30,147.17,8712502,144.63,147.29,144.05,49.633345755693625
2020-12-01,151.26,11910500,148.79,152.39,147.7943,49.854347826087
2020-12-02,149.98,7800326,150.51,151.49,149.62,50.0058665598077
2020-12-03,149.91,6355269,151.04,152.7739,149.64,50.15738529352839
2020-12-04,157.62,12759950,150.3,158.09,150.0,50.30890402724909
2020-12-07,158.02,7009334,158.55,158.97,156.71,50.76346022841118
2020-12-08,158.8,6088312,157.46,159.29,155.874,50.914978962131876
2020-12-09,156.02,7947152,158.6,161.07,155.55,51.066497695852576
2020-12-10,155.75,7522238,154.42,157.85,152.73,51.218016429573275
2020-12-11,144.28,25923150,149.24,150.27,141.8901,51.36953516329397
2020-12-14,146.29,12258490,144.9,147.75,143.33,51.82409136445606
2020-12-15,148.36,6619794,149.37,149.915,147.1,51.97561009817676
2020-12-16,149.74,6610887,149.14,150.44,146.71,52.12712883189745
2020-12-17,149.53,7039049,150.865,151.23,148.38,52.27864756561815
2020-12-18,147.42,13288320,150.7947,150.7947,146.1238,52.43016629933884
2020-12-21,146.8,7024570,145.005,147.36,144.41,52.884722500500935
2020-12-22,146.34,5753843,146.611,147.03,144.72,53.036241234221634
2020-12-23,146.96,5186736,147.63,151.54,146.87,53.18775996794233
2020-12-24,148.79,2120165,147.8,148.9,147.2,53.33927870166303
2020-12-28,147.74,4576625,150.62,151.07,147.44,53.94535363654582
2020-12-29,148.49,3543794,148.97,148.99,147.03,54.09687237026651
2020-12-30,149.95,3965615,149.12,151.61,148.9227,54.24839110398721
2020-12-31,152.34,4941702,150.322,152.56,150.1,54.3999098377079
2021-01-04,148.5,9826976,153.01,155.15,147.1388,55.26872580645164
2021-01-05,152.43,8507227,148.65,152.7,148.5,55.507824884792655
2021-01-06,151.19,7174615,151.53,153.87,149.47,55.74692396313367
2021-01-07,155.7,8482308,152.33,156.42,152.26,55.98602304147468
2021-01-08,156.64,6252391,157.23,157.53,154.54,56.225122119815694
2021-01-11,156.11,5148685,156.1,158.13,154.92,56.942419354838734
2021-01-12,154.45,4385653,156.64,156.87,153.96,57.18151843317975
2021-01-13,157.42,5479883,155.19,157.9281,153.65,57.42061751152076
2021-01-14,160.85,10102400,159.397,163.18,158.5,57.65971658986177
2021-01-15,157.09,8607363,160.77,160.86,156.88,57.898815668202786
2021-01-19,163.77,8208973,158.94,164.1,158.45,58.85521198156684
2021-01-20,164.6,7943314,164.72,167.94,164.44,59.094311059907845
2021-01-21,164.75,6306238,165.805,166.49,163.34,59.33341013824886
2021-01-22,162.42,5062340,164.0,164.2744,161.52,59.57250921658987
2021-01-25,164.4,5370818,164.32,167.045,161.73,60.28980645161291
2021-01-26,162.55,6554240,164.2,164.65,160.91,60.528905529953924
2021-01-27,153.67,9854009,158.49,160.73,152.69,60.76800460829494
2021-01-28,155.55,8087365,156.28,158.97,153.11,61.00710368663595
2021-01-29,156.28,9502087,160.247,160.635,154.75,61.246202764976964
2021-02-01,161.58,8265129,157.37,162.4,156.49,61.9635
2021-02-02,164.78,6926487,164.51,165.38,161.3,62.07862344720497
2021-02-03,162.3,14156670,167.577,167.58,161.8,62.19374689440994
2021-02-04,147.97,46141760,150.18,151.78,145.2,62.308870341614906
2021-02-05,145.84,24695400,148.85,148.9,144.62,62.42399378881988
2021-02-08,147.38,12181640,147.1,147.6,145.3,62.76936413043478
2021-02-09,146.11,11681310,147.55,148.5,145.9,62.884487577639746
2021-02-10,145.5,11701310,147.62,147.75,144.37,62.99961102484472
2021-02-11,145.56,11600210,145.78,146.57,143.53,63.11473447204968
2021-02-12,147.98,9155244,145.57,151.4,144.865,63.22985791925465
2021-02-16,147.16,10211880,149.0,149.74,146.06,63.69035170807452
2021-02-17,144.75,11950270,145.825,146.89,143.4204,63.80547515527949
2021-02-18,143.91,8411408,143.54,144.7,142.96,63.92059860248446
2021-02-19,144.94,10012500,144.78,145.85,143.49,64.03572204968943
2021-02-22,139.46,12763910,142.25,144.12,139.08,64.38109239130434
2021-02-23,137.12,14425300,136.38,138.48,134.44,64.4962158385093
2021-02-24,141.1,13146250,136.4,141.18,135.0924,64.61133928571427
2021-02-25,135.53,12701090,139.56,140.83,135.02,64.72646273291923
2021-02-26,136.19,11772560,136.76,138.15,134.7,64.8415861801242
2021-03-01,139.49,9428359,137.5,139.63,136.46,65.1869565217391
2021-03-02,137.04,8693234,140.0,140.1,136.77,65.17350631136043
2021-03-03,131.66,14862730,135.6,136.1801,131.54,65.16005610098175
2021-03-04,127.8,15831070,132.35,134.2,126.58,65.14660589060307
2021-03-05,129.75,13292040,130.92,131.166,125.4,65.13315568022438
2021-03-08,123.2,15256060,129.0,129.7713,122.99,65.09280504908834
2021-03-09,129.11,13130250,127.385,129.92,126.33,65.07935483870966
2021-03-10,127.87,12492300,130.67,131.1,127.64,65.06590462833098
2021-03-11,131.74,11920180,131.01,133.24,130.01,65.05245441795229
2021-03-12,129.98,9365665,129.9,130.33,127.62,65.03900420757361
2021-03-15,131.64,7810042,130.06,131.76,129.12,64.99865357643758
2021-03-16,133.65,10434700,132.89,135.44,132.293,64.9852033660589
2021-03-17,133.92,10781520,131.31,135.6,129.68,64.9717531556802
2021-03-18,129.75,9587535,132.44,133.6,129.66,64.95830294530153
2021-03-19,131.02,17599880,129.79,132.48,129.17,64.94485273492285
2021-03-22,134.09,9036884,132.96,135.55,132.595,64.90450210378681
2021-03-23,132.52,7425650,134.0,134.355,131.4119,64.89105189340812
2021-03-24,127.18,10962260,132.99,133.06,127.11,64.87760168302944
2021-03-25,127.28,10460760,126.66,127.6384,124.39,64.86415147265076
2021-03-26,132.99,11071560,127.06,133.35,127.04,64.85070126227208
2021-03-29,131.27,9750057,132.54,133.34,129.77,64.81035063113603
2021-03-30,130.11,7097298,130.17,131.24,129.065,64.79690042075735
2021-03-31,132.59,8361293,130.96,133.52,130.57,64.78345021037867
2021-04-01,137.79,14069560,134.5,138.4321,133.6,64.77
2021-04-05,140.33,12562770,139.04,140.5,138.23,65.20644444444444
2021-04-06,138.06,9099981,139.85,140.23,137.635,65.31555555555556
2021-04-07,139.43,6958516,138.33,139.95,137.4,65.42466666666668
2021-04-08,140.34,7304948,140.0,140.37,138.81,65.53377777777779
2021-04-09,140.57,6033171,139.904,140.68,138.88,65.6428888888889
2021-04-12,137.44,10355530,138.86,139.89,136.05,65.97022222222225
2021-04-13,137.3,9225208,138.38,138.77,135.75,66.07933333333335
2021-04-14,134.75,9967790,137.08,137.84,133.91,66.18844444444447
2021-04-15,137.84,11733240,136.0,137.99,135.57,66.29755555555558
2021-04-16,138.21,6583895,137.62,139.005,136.65,66.4066666666667
2021-04-19,135.25,8728948,136.9,137.05,134.085,66.73400000000004
2021-04-20,133.4,7473703,134.55,134.78,132.79,66.84311111111114
2021-04-21,136.19,7237924,132.82,136.365,132.5,66.95222222222226
2021-04-22,132.97,8345144,135.37,135.96,132.47,67.06133333333338
2021-04-23,135.43,7669057,133.74,136.1064,133.535,67.17044444444448
2021-04-26,138.96,9715383,135.33,139.69,135.12,67.49777777777783
2021-04-27,138.01,9284499,138.71,139.38,136.98,67.60688888888895
2021-04-28,136.57,13118140,138.17,138.2731,135.75,67.71600000000005
2021-04-29,142.68,20502140,145.01,145.2965,140.67,67.82511111111117
2021-04-30,138.8,11374600,141.07,142.09,138.26,67.93422222222227
2021-05-03,137.43,7920307,139.7,139.76,136.87,68.36745845552302
2021-05-04,134.12,11996280,136.0,136.0,132.42,68.52952101661784
2021-05-05,134.65,6285459,136.08,136.45,134.11,68.69158357771266
2021-05-06,136.0,8352536,134.49,136.54,133.095,68.85364613880748
2021-05-07,137.85,6893704,136.937,138.69,136.29,69.01570869990229
2021-05-10,128.94,19537230,136.02,136.68,128.82,69.50189638318673
2021-05-11,128.37,11947960,125.25,128.56,124.77,69.66395894428156
2021-05-12,124.62,13529630,126.029,127.13,123.68,69.82602150537637
2021-05-13,127.11,10635090,127.12,128.48,125.87,69.98808406647119
2021-05-14,130.15,9391122,128.63,131.42,127.81,70.150146627566
2021-05-17,129.8,5913245,129.29,129.83,127.71,70.63633431085046
2021-05-18,128.91,8651133,130.64,131.24,128.79,70.79839687194527
2021-05-19,130.66,8112930,127.185,130.83,126.45,70.96045943304009
2021-05-20,132.64,9208354,131.529,133.28,131.46,71.1225219941349
2021-05-21,131.46,8673957,132.14,132.6897,130.49,71.28458455522971
2021-05-24,132.91,8229331,131.33,134.0,131.33,71.77077223851417
2021-05-25,133.75,7271428,133.54,134.3,132.8,71.93283479960898
2021-05-26,133.09,6663325,133.87,134.52,132.22,72.0948973607038
2021-05-27,133.64,7379260,132.73,134.64,132.71,72.25695992179861
2021-05-28,134.54,7044084,134.154,135.64,133.95,72.41902248289342
2021-06-01,133.94,7059614,135.104,136.07,133.53,73.0672727272727
2021-06-02,133.82,6025988,133.18,134.73,132.47,73.11125757575755
2021-06-03,131.78,6643997,132.65,133.39,131.42,73.15524242424239
2021-06-04,134.34,7416675,132.525,135.05,132.2,73.19922727272724
2021-06-07,133.32,5563253,133.7,133.77,132.64,73.33118181818179
2021-06-08,134.2,9657889,134.06,135.3895,133.0,73.37516666666664
2021-06-09,132.89,6717243,135.105,135.35,132.79,73.4191515151515
2021-06-10,134.22,5522273,133.05,135.1,132.58,73.46313636363635
2021-06-11,134.62,6529894,133.8,134.65,133.65,73.50712121212119
2021-06-14,137.31,7912621,135.195,137.31,134.7869,73.63907575757575
2021-06-15,135.58,5723574,137.14,137.38,135.23,73.6830606060606
2021-06-16,134.95,7404737,136.47,137.05,133.66,73.72704545454545
2021-06-17,135.35,6618346,134.31,136.62,134.09,73.7710303030303
2021-06-18,133.0,12753570,134.55,134.58,132.24,73.81501515151514
2021-06-21,133.96,6371423,133.05,135.1,132.66,73.9469696969697
2021-06-22,135.08,5976376,134.22,135.31,133.29,73.99095454545454
2021-06-23,135.52,6613763,134.89,136.23,134.81,74.0349393939394
2021-06-24,137.92,7941660,136.619,138.51,136.35,74.07892424242425
2021-06-25,137.65,7949190,138.45,139.47,136.97,74.1229090909091
2021-06-28,139.72,6645474,138.23,140.17,137.98,74.25486363636365
2021-06-29,142.62,6885355,139.632,142.95,139.25,74.2988484848485
2021-06-30,142.93,6449659,142.35,143.628,141.84,74.34283333333335
2021-07-01,140.8,6094085,142.91,143.02,140.35,74.3868181818182
2021-07-02,142.58,5399721,141.99,142.68,141.25,74.2459824046921
2021-07-06,141.19,7095210,143.0,143.18,139.68,73.6826392961877
2021-07-07,139.97,5034862,142.24,142.36,139.0612,73.5418035190616
2021-07-08,138.29,7501092,137.72,138.87,135.6,73.4009677419355
2021-07-09,141.43,7356808,137.89,141.73,137.81,73.2601319648094
2021-07-12,142.47,6786522,141.4,143.02,141.2,72.8376246334311
2021-07-13,141.18,5657645,142.44,142.66,140.42,72.696788856305
2021-07-14,143.75,11305730,143.5,146.34,142.5,72.5559530791789
2021-07-15,141.46,6667440,144.12,144.14,140.72,72.4151173020528
2021-07-16,139.71,5914325,141.87,142.51,139.53,72.27428152492669
2021-07-19,138.79,9371342,138.325,138.895,136.81,71.8517741935484
2021-07-20,139.55,6020445,139.02,140.42,137.2,71.7109384164223
2021-07-21,142.17,6162215,139.65,142.22,139.65,71.5701026392962
2021-07-22,142.44,3862571,142.0,142.85,141.5,71.4292668621701
2021-07-23,144.88,6310362,143.45,144.99,142.03,71.288431085044
2021-07-26,143.5,6253904,143.95,144.3781,142.24,70.8659237536657
2021-07-27,140.93,7575761,142.49,143.0,138.21,70.7250879765396
2021-07-28,142.44,9303418,141.27,142.91,140.14,70.5842521994135
2021-07-29,150.99,19446920,146.5,151.52,146.41,70.4434164222874
2021-07-30,149.8,8404794,149.2,150.41,148.36,70.3025806451613
2021-08-02,148.86,10823830,150.0,152.28,148.21,70.16856304985338
2021-08-03,147.95,6223384,148.91,149.58,146.56,70.31621700879766
2021-08-04,148.22,5556400,148.02,149.2,147.33,70.46387096774194
2021-08-05,146.83,7169204,147.24,147.47,144.5673,70.61152492668623
2021-08-06,146.28,5733256,146.13,148.23,145.92,70.7591788856305
2021-08-09,146.92,4966607,146.79,147.7178,145.75,71.20214076246334
2021-08-10,145.87,4197116,147.32,147.5,142.4,71.34979472140762
2021-08-11,146.68,6215983,146.06,146.79,144.4,71.49744868035191
2021-08-12,147.15,5778056,147.76,148.0,146.39,71.64510263929618
2021-08-13,148.64,5764041,147.0,149.31,146.93,71.79275659824047
2021-08-16,148.13,4410945,148.4,149.08,146.72,72.23571847507331
2021-08-17,144.41,7256805,146.95,147.0,143.5701,72.38337243401759
2021-08-18,142.18,6546524,143.84,144.655,141.98,72.53102639296188
2021-08-19,140.61,8660978,140.65,141.45,138.96,72.67868035190615
2021-08-20,142.09,6140962,140.61,142.26,140.3,72.82633431085043
2021-08-23,144.14,6936893,142.653,144.61,142.35,73.26929618768327
2021-08-24,144.46,7066814,144.59,145.5925,143.8433,73.41695014662756
2021-08-25,143.87,5721635,144.46,145.43,143.465,73.56460410557183
2021-08-26,142.38,6825131,143.19,143.76,141.62,73.71225806451612
2021-08-27,144.85,6274499,142.2,144.95,141.92,73.8599120234604
2021-08-30,145.94,5263612,145.59,147.86,145.555,74.30287390029324
2021-08-31,146.69,7820509,146.8,147.53,144.56,74.45052785923752
2021-09-01,146.45,6451408,146.84,148.1,146.22,74.5981818181818
2021-09-02,145.12,6007588,146.7,146.89,144.51,74.89990909090908
2021-09-03,144.63,5506586,145.12,145.99,144.2301,75.20163636363635
2021-09-07,143.75,6362270,144.675,144.76,143.12,76.40854545454545
2021-09-08,142.52,5981277,143.36,143.62,141.49,76.71027272727271
2021-09-09,141.58,6190783,142.47,143.54,141.45,77.01199999999999
2021-09-10,142.68,6263271,143.13,146.0,142.54,77.31372727272726
2021-09-13,143.41,4312803,144.02,144.73,142.03,78.21890909090908
2021-09-14,141.14,6442067,144.47,144.81,140.62,78.52063636363636
2021-09-15,138.24,11289100,140.805,141.0,137.52,78.82236363636363
2021-09-16,138.4,6719871,137.32,138.96,137.32,79.12409090909091
2021-09-17,133.6,14550480,137.81,138.0,133.14,79.42581818181817
2021-09-20,132.76,9647058,131.47,133.12,130.61,80.331
2021-09-21,131.75,6175312,133.587,133.91,131.28,80.63272727272727
2021-09-22,133.01,5163043,132.59,133.49,131.98,80.93445454545454
2021-09-23,133.91,5918870,133.75,135.16,133.22,81.23618181818182
2021-09-24,133.88,4554621,133.11,134.55,132.8001,81.5379090909091
2021-09-27,133.48,4319466,132.43,134.04,132.02,82.44309090909091
2021-09-28,129.9,8851657,131.75,132.7399,129.7,82.74481818181819
2021-09-29,129.28,7037221,130.59,131.45,128.89,83.04654545454545
2021-09-30,128.98,6982505,130.35,131.08,128.695,83.34827272727273
2021-10-01,128.71,6863724,129.8,130.02,126.47,83.65
2021-10-04,126.68,8470312,128.92,129.79,125.92,83.37093841642229
2021-10-05,127.53,9244310,126.13,128.77,125.69,83.27791788856305
2021-10-06,128.06,8513727,126.55,128.27,126.07,83.18489736070381
2021-10-07,127.84,8010556,129.265,130.72,127.59,83.09187683284458
2021-10-08,126.55,6920524,128.5912,128.5912,126.21,82.99885630498534
2021-10-11,124.94,6288235,126.055,127.23,124.88,82.71979472140761
2021-10-12,122.95,10531460,125.38,125.47,122.165,82.62677419354837
2021-10-13,125.04,12380250,125.2,126.3199,123.52,82.53375366568913
2021-10-14,128.66,10639840,126.16,129.3,125.99,82.4407331378299
2021-10-15,130.2,7609677,129.02,130.4763,128.68,82.34771260997066
2021-10-18,130.12,5289973,129.32,130.27,128.2404,82.06865102639294
2021-10-19,132.5,7330727,131.017,132.8,130.32,81.9756304985337
2021-10-20,132.16,4804076,132.5,133.005,131.261,81.88260997067447
2021-10-21,133.05,4579172,132.0,133.26,131.4,81.78958944281523
2021-10-22,131.62,5216154,132.9,133.69,131.43,81.69656891495599
2021-10-25,131.93,4876260,131.82,133.17,131.3,81.41750733137826
2021-10-26,131.94,5802241,132.9,133.788,131.066,81.32448680351902
2021-10-27,131.2,5090364,131.94,132.36,130.51,81.23146627565978
2021-10-28,133.69,5016737,131.99,133.83,131.87,81.13844574780055
2021-10-29,133.04,5251108,132.862,133.68,132.45,81.04542521994131
2021-11-01,134.81,6903023,132.44,134.87,132.44,80.7663636363636
2021-11-02,135.23,7321923,134.55,135.73,134.12,80.7663636363636
2021-11-03,138.48,13216020,135.75,138.85,135.04,80.7663636363636
2021-11-04,156.11,48321480,156.325,159.58,153.3,80.7663636363636
2021-11-05,163.03,27226580,157.075,168.55,155.91,80.7663636363636
2021-11-08,165.85,14541400,163.21,167.71,161.2775,80.7663636363636
2021-11-09,166.74,12353900,166.51,169.52,164.38,80.7663636363636
2021-11-10,159.8,11327140,165.09,166.12,159.03,80.7663636363636
2021-11-11,164.42,7624181,161.8,165.5649,161.39,80.7663636363636
2021-11-12,164.94,7370988,165.0,166.02,164.33,80.7663636363636
2021-11-15,168.51,12350190,166.5,169.94,165.81,80.7663636363636
2021-11-16,181.81,33338220,168.11,183.73,167.06,80.7663636363636
2021-11-17,183.54,21678880,180.79,186.33,178.63,80.7663636363636
2021-11-18,186.32,15542570,185.24,188.7221,182.75,80.7663636363636
2021-11-19,185.0,11891470,184.69,186.6,182.3,80.7663636363636
2021-11-22,181.4,16062820,181.11,188.77,180.98,80.7663636363636
2021-11-23,180.94,10698650,180.34,181.33,177.02,80.7663636363636
2021-11-24,180.71,7886158,179.52,180.78,177.33,80.7663636363636
2021-11-26,175.74,7835917,175.665,180.25,175.06,80.7663636363636
2021-11-29,183.74,10440510,179.48,184.07,179.0,80.7663636363636
2021-11-30,180.56,19309180,183.22,186.81,180.34,80.7663636363636
2021-12-01,175.63,10670610,180.885,183.15,175.32,80.7663636363636
2021-12-02,177.03,13101410,172.09,177.89,171.21,80.7663636363636
2021-12-03,176.51,12111800,178.04,180.27,173.71,80.7663636363636
2021-12-06,175.45,8577475,176.88,176.9802,172.27,80.7663636363636
2021-12-07,183.72,9910069,179.07,184.78,178.5,80.7663636363636
2021-12-08,182.63,4799371,183.01,183.72,180.78,80.7663636363636
2021-12-09,182.26,9398943,181.77,187.84,181.51,80.7663636363636
2021-12-10,183.88,6854798,185.55,185.55,181.15,80.7663636363636
2021-12-13,183.32,16346800,186.85,191.3,183.11,80.7663636363636
2021-12-14,181.98,8542798,181.2,183.9,179.41,80.7663636363636
2021-12-15,189.28,11082020,183.97,189.78,179.98,80.7663636363636
2021-12-16,178.15,14872970,190.304,192.68,176.11,80.7663636363636
2021-12-17,176.8,16264960,175.725,180.1195,175.02,80.7663636363636
2021-12-20,176.67,6306381,174.29,177.08,173.46,80.7663636363636
2021-12-21,179.58,7702376,179.38,180.15,174.22,80.7663636363636
2021-12-22,181.38,5227183,179.0,181.52,177.63,80.7663636363636
2021-12-23,182.74,4918896,181.53,183.71,181.38,80.7663636363636
2021-12-27,186.33,4867720,183.21,186.41,183.02,80.7663636363636
2021-12-28,184.82,5402761,186.59,186.73,183.49,80.7663636363636
2021-12-29,186.2,5417175,184.685,187.39,184.56,80.7663636363636
2021-12-30,182.73,4108415,185.88,186.5199,182.31,80.7663636363636
2021-12-31,182.87,4113292,183.31,185.145,182.6,80.7663636363636
2022-01-03,186.21,6004749,182.91,186.88,182.24,80.7663636363636
2022-01-04,187.23,8484173,187.0,188.93,181.01,80.7663636363636
2022-01-05,186.5,17141230,186.5,193.58,184.73,80.7663636363636
2022-01-06,185.95,9117654,184.52,188.47,183.0,80.7663636363636
2022-01-07,180.41,7386150,186.6,188.3582,180.12,80.7663636363636
2022-01-10,179.68,11159270,178.27,180.0,173.76,80.7663636363636
2022-01-11,185.4,9590950,179.19,185.65,177.22,80.7663636363636
2022-01-12,186.42,7317544,186.6,189.46,185.1852,80.7663636363636
2022-01-13,183.89,10190900,188.7,191.58,183.285,80.7663636363636
2022-01-14,188.69,9587265,182.8,190.09,182.01,80.7663636363636
2022-01-18,178.86,10483100,185.87,186.0,178.27,80.7663636363636
2022-01-19,172.47,10082730,180.57,181.2099,172.27,80.7663636363636
2022-01-20,166.5,9468486,174.53,174.99,166.29,80.7663636363636
2022-01-21,164.93,11898690,166.24,172.04,164.57,80.7663636363636
2022-01-24,170.07,17531650,162.18,170.82,158.6037,80.7663636363636
2022-01-25,165.45,10708460,166.17,170.32,161.2,80.7663636363636
2022-01-26,167.0,10492240,168.58,174.55,163.9,80.7663636363636
2022-01-27,161.2,10743020,169.31,171.45,160.61,80.7663636363636
2022-01-28,166.81,10320820,162.01,166.94,157.38,80.7663636363636
2022-01-31,175.76,11273470,167.06,175.95,165.8,80.7663636363636
2022-02-01,177.13,9724551,176.4447,177.4292,173.105,80.7663636363636
2022-02-02,188.2,25646260,180.94,188.64,180.26,80.7663636363636
2022-02-03,179.1,36120200,180.8,192.1,177.29,80.7663636363636
2022-02-04,179.47,15708360,178.99,182.41,176.81,80.7663636363636
2022-02-07,175.09,10376350,179.665,180.65,174.44,80.7663636363636
2022-02-08,178.59,10163940,174.305,179.2899,173.98,80.7663636363636
2022-02-09,183.95,9666910,181.4,184.0,178.95,80.7663636363636
2022-02-10,174.07,14362160,179.4,181.99,173.45,80.7663636363636
2022-02-11,164.64,13572010,174.7,175.48,163.55,80.7663636363636
2022-02-14,165.13,8381702,165.35,167.85,162.48,80.7663636363636
2022-02-15,173.0,11103160,169.0,173.96,168.25,80.7663636363636
2022-02-16,172.6,8340579,170.68,173.2083,168.26,80.7663636363636
2022-02-17,166.8,8878864,169.875,170.77,166.7,80.7663636363636
2022-02-18,167.64,9591679,167.47,170.445,164.24,80.7663636363636
2022-02-22,165.89,9835460,164.059,169.96,163.6,80.7663636363636
2022-02-23,161.62,9748987,166.65,169.16,161.32,80.7663636363636
2022-02-24,167.98,12566980,156.89,168.36,155.79,80.7663636363636
2022-02-25,170.93,7350249,167.61,171.09,165.6,80.7663636363636
2022-02-28,171.99,10638870,168.3,172.99,168.2,80.7663636363636
2022-03-01,163.69,10723340,170.96,171.84,161.72,80.7663636363636
2022-03-02,169.25,7299414,165.25,170.49,164.35,80.7663636363636
2022-03-03,165.35,8553861,170.67,170.825,164.5,80.7663636363636
2022-03-04,162.26,9059191,163.85,166.07,159.89,80.7663636363636
2022-03-07,150.1,13416100,162.32,163.16,150.0,80.7663636363636
2022-03-08,150.76,11878440,150.66,158.34,147.88,80.7663636363636
2022-03-09,157.11,9276774,156.01,158.48,154.17,80.7663636363636
2022-03-10,154.71,8888772,154.04,155.3,150.33,80.7663636363636
2022-03-11,152.34,7394419,157.95,158.32,152.02,80.7663636363636
2022-03-14,141.29,16154170,150.8,151.29,140.465,80.7663636363636
2022-03-15,144.21,13892970,142.5,144.43,139.05,80.7663636363636
2022-03-16,150.45,11727730,146.965,151.56,143.57,80.7663636363636
2022-03-17,152.83,8602938,149.19,152.94,146.58,80.7663636363636
2022-03-18,153.99,18454200,152.52,156.03,149.01,80.7663636363636
2022-03-21,155.59,8986357,153.99,157.71,152.81,80.7663636363636
2022-03-22,157.61,7220508,155.45,159.94,154.77,80.7663636363636
2022-03-23,152.87,7245568,156.11,157.21,152.58,80.7663636363636
2022-03-24,158.46,9261010,154.3,158.56,153.59,80.7663636363636
2022-03-25,157.97,7203782,157.97,158.46,155.18,80.7663636363636
2022-03-28,158.45,9470796,156.5,158.5,154.05,80.7663636363636
2022-03-29,161.07,10212360,161.21,161.3,156.65,80.7663636363636
2022-03-30,152.73,14777760,159.39,160.27,151.79,80.7663636363636
2022-03-31,152.82,13364240,152.885,155.14,151.03,80.7663636363636
2022-04-01,146.99,19762140,151.94,152.87,142.5648,80.7663636363636
2022-04-04,153.81,12143570,147.74,154.13,146.66,80.7663636363636
2022-04-05,145.46,15946150,151.81,152.01,145.27,80.7663636363636
2022-04-06,139.28,21054220,142.9,143.0,137.46,80.7663636363636
2022-04-07,139.22,10201210,139.79,141.49,136.92,80.7663636363636
2022-04-08,136.69,12992460,138.54,139.96,136.36,80.7663636363636
2022-04-11,135.36,11210360,134.292,137.61,133.69,80.7663636363636
2022-04-12,136.09,10591330,137.92,140.16,135.5,80.7663636363636
2022-04-13,140.5,10440840,137.54,142.59,136.48,80.7663636363636
2022-04-14,136.91,8002591,141.05,141.56,136.68,80.7663636363636
