Date,Close/Last,Volume,Open,High,Low,InflationRate
2017-04-17,52.89,10467010,52.99,53.13,52.75,1.7933333333333332
2017-04-18,52.67,11260040,52.6,52.98,52.39,1.7866666666666666
2017-04-19,52.61,15330730,53.0,53.1,52.3,1.78
2017-04-20,52.66,24654290,53.22,53.4,51.4,1.7733333333333332
2017-04-21,52.5,10949060,52.77,52.8,52.21,1.7666666666666666
2017-04-24,52.81,10704410,53.01,53.25,52.75,1.7466666666666666
2017-04-25,53.0,11405940,53.17,53.49,52.96,1.74
2017-04-26,53.04,7364855,53.2,53.3,52.91,1.7333333333333334
2017-04-27,53.21,6953922,53.24,53.34,52.91,1.7266666666666666
2017-04-28,53.74,34366230,51.8,53.95,51.05,1.72
2017-05-01,53.6,12957180,53.65,53.7,53.095,1.7
2017-05-02,53.29,10270480,53.65,53.725,52.9,1.7
2017-05-03,54.49,18350090,53.41,54.77,53.25,1.7
2017-05-04,54.91,11993090,54.73,55.0,54.5,1.7
2017-05-05,54.93,9073450,54.93,55.0,54.695,1.7
2017-05-08,54.62,7025309,54.99,55.0,54.56,1.7
2017-05-09,55.15,8313475,54.69,55.19,54.63,1.7
2017-05-10,55.33,8496878,55.22,55.4273,54.8627,1.7
2017-05-11,54.68,13514130,55.25,55.3,54.41,1.7
2017-05-12,55.32,9100734,54.5,55.35,54.4,1.7
2017-05-15,55.4,10657680,55.08,55.49,55.075,1.7
2017-05-16,55.95,9491650,55.39,55.98,55.1,1.7
2017-05-17,55.36,14809650,55.64,56.075,55.3,1.7
2017-05-18,56.12,13125030,55.58,56.31,55.02,1.7
2017-05-19,57.67,16541850,56.49,57.79,56.2,1.7
2017-05-22,59.28,20767670,58.39,59.54,58.38,1.7
2017-05-23,59.22,14210560,59.38,59.89,59.13,1.7
2017-05-24,58.64,8624834,59.28,59.62,58.57,1.7
2017-05-25,58.45,9549459,58.65,58.95,58.261,1.7
2017-05-26,57.52,8223461,57.66,57.978,57.37,1.7
2017-05-30,57.34,11545990,57.28,57.74,57.17,1.7
2017-05-31,57.27,14009010,57.26,57.73,57.0,1.7
2017-06-01,58.62,11526420,57.45,58.65,57.35,1.7
2017-06-02,58.58,9525357,58.89,58.96,58.35,1.7
2017-06-05,58.86,7960848,58.5,59.05,58.48,1.7
2017-06-06,58.2,7870567,58.6,58.91,58.18,1.7
2017-06-07,57.53,10104420,58.3,58.49,57.13,1.7
2017-06-08,58.12,10299310,57.77,58.15,57.61,1.7
2017-06-09,57.05,13622010,58.37,58.49,56.74,1.7
2017-06-12,57.49,9984865,56.52,57.675,56.48,1.7
2017-06-13,57.54,7105149,57.95,58.065,57.5,1.7
2017-06-14,57.01,6725290,57.7,57.97,56.67,1.7
2017-06-15,56.93,5409133,56.42,57.17,56.4,1.7
2017-06-16,56.82,14520010,56.98,57.01,56.35,1.7
2017-06-19,57.61,7095308,56.96,57.66,56.91,1.7
2017-06-20,56.79,8166550,57.46,57.61,56.51,1.7
2017-06-21,56.33,8317061,56.79,56.84,56.12,1.7
2017-06-22,56.47,5540624,56.24,56.745,56.06,1.7
2017-06-23,56.91,11847780,56.64,57.4365,56.57,1.7
2017-06-26,56.56,7338463,57.09,57.6892,56.21,1.7
2017-06-27,55.43,6813046,56.29,56.33,55.41,1.7
2017-06-28,56.16,7534000,55.4,56.32,55.18,1.7
2017-06-29,55.08,8455545,55.93,55.93,54.55,1.7
2017-06-30,55.22,8754158,55.6,55.63,55.03,1.7
2017-07-03,54.95,4379566,55.53,56.02,54.92,1.7
2017-07-05,55.45,6817608,55.01,55.56,54.78,1.7
2017-07-06,54.79,5660766,55.02,55.23,54.735,1.7
2017-07-07,55.35,5170545,55.04,55.73,54.87,1.7
2017-07-10,55.64,5085958,55.37,55.885,55.19,1.7
2017-07-11,55.33,6114802,55.63,55.63,55.02,1.7
2017-07-12,56.2,6121077,55.79,56.31,55.72,1.7
2017-07-13,56.23,6219216,56.38,56.52,56.17,1.7
2017-07-14,56.81,4439390,56.5,56.93,56.15,1.7
2017-07-17,56.46,5097760,56.73,56.92,56.39,1.7
2017-07-18,56.29,7419206,56.34,56.38,56.0,1.7
2017-07-19,56.78,8597707,56.46,56.9399,56.01,1.7
2017-07-20,53.97,35707180,55.11,55.43,53.46,1.7
2017-07-21,53.84,12078680,53.66,54.0,53.37,1.7
2017-07-24,53.22,8813216,53.75,53.88,53.09,1.7
2017-07-25,53.27,7110013,53.2,53.65,53.07,1.7
2017-07-26,53.14,7566436,53.29,53.35,52.74,1.7
2017-07-27,52.49,14058050,53.08,53.37,52.23,1.7
2017-07-28,52.88,6643607,52.27,52.9865,52.27,1.7
2017-07-31,53.19,11301880,53.1,53.295,52.75,1.7
2017-08-01,53.41,8207783,53.3,53.43,52.91,1.7
2017-08-02,53.17,23073980,53.295,53.3885,52.78,1.7
2017-08-03,52.95,8643428,53.16,53.3399,52.75,1.7
2017-08-04,52.62,8676309,53.0,53.0,52.51,1.7
2017-08-07,52.7,6512811,52.5,52.845,52.49,1.7
2017-08-08,52.29,10456790,52.55,53.33,52.21,1.7
2017-08-09,52.77,8084091,52.05,52.8,52.0,1.7
2017-08-10,52.34,10678100,52.54,52.75,52.11,1.7
2017-08-11,52.72,5894003,52.39,53.13,52.29,1.7
2017-08-14,53.55,8117050,53.04,53.64,52.91,1.7
2017-08-15,53.87,7873900,53.66,54.08,53.35,1.7
2017-08-16,53.31,7414452,54.06,54.1,53.255,1.7
2017-08-17,52.27,6209295,53.19,53.41,52.27,1.7
2017-08-18,51.92,6692408,52.26,52.415,51.9,1.7
2017-08-21,51.98,5190770,52.0,52.08,51.5,1.7
2017-08-22,52.35,4436862,52.21,52.62,52.21,1.7
2017-08-23,52.23,5258709,52.3,52.405,51.78,1.7
2017-08-24,52.49,6197220,52.37,52.71,52.26,1.7
2017-08-25,52.03,8680526,52.78,52.8545,52.02,1.7
2017-08-28,51.81,4510636,51.77,51.81,51.46,1.7
2017-08-29,51.81,4972386,51.31,51.86,51.28,1.7
2017-08-30,52.12,4869276,51.75,52.286,51.56,1.7
2017-08-31,52.27,8215456,52.26,52.59,52.12,1.7
2017-09-01,52.05,5301713,52.53,52.77,51.925,1.7
2017-09-05,50.03,17923420,51.86,51.9,49.83,1.7133333333333334
2017-09-06,50.45,16196880,50.19,50.77,49.83,1.7166666666666666
2017-09-07,50.38,10034910,50.56,50.69,50.25,1.72
2017-09-08,49.64,12502270,50.35,50.45,48.92,1.7233333333333334
2017-09-11,50.57,7471396,49.94,50.67,49.91,1.7333333333333334
2017-09-12,50.9,4517672,50.6,51.07,50.52,1.7366666666666666
2017-09-13,51.01,6183107,50.8,51.1054,50.72,1.74
2017-09-14,51.48,7740281,50.97,51.59,50.67,1.7433333333333334
2017-09-15,52.19,13168570,51.95,52.29,51.44,1.7466666666666666
2017-09-18,52.25,6001199,52.24,52.37,51.955,1.7566666666666666
2017-09-19,52.3,4930412,52.4,52.5,52.06,1.76
2017-09-20,51.98,8349707,52.43,52.52,51.48,1.7633333333333334
2017-09-21,52.03,5749601,51.86,52.2,51.71,1.7666666666666666
2017-09-22,52.09,4105088,51.82,52.23,51.78,1.77
2017-09-25,51.62,8177978,51.9,52.285,51.61,1.78
2017-09-26,51.13,9378531,51.75,51.87,50.85,1.7833333333333334
2017-09-27,51.55,8200472,51.43,51.61,51.1526,1.7866666666666666
2017-09-28,51.75,5732672,51.38,52.04,51.31,1.79
2017-09-29,51.84,5352439,51.91,52.0447,51.62,1.7933333333333334
2017-10-02,51.88,4432695,52.09,52.16,51.7,1.7967741935483872
2017-10-03,52.02,4377755,51.99,52.22,51.65,1.7935483870967743
2017-10-04,51.96,4528218,51.93,52.12,51.67,1.7903225806451613
2017-10-05,52.35,5178780,52.17,52.43,51.96,1.7870967741935484
2017-10-06,52.49,4789097,52.16,52.63,52.16,1.7838709677419355
2017-10-09,52.88,5817075,52.68,52.9799,52.38,1.7741935483870968
2017-10-10,53.87,8750884,52.95,53.9,52.9,1.770967741935484
2017-10-11,54.12,9426613,53.79,54.38,53.66,1.767741935483871
2017-10-12,53.0,7128581,53.88,54.175,52.96,1.7645161290322582
2017-10-13,52.82,6997483,53.38,53.38,52.74,1.761290322580645
2017-10-16,52.38,5922842,52.98,53.0,52.3101,1.7516129032258065
2017-10-17,52.41,7662715,52.32,52.44,51.8501,1.7483870967741935
2017-10-18,52.21,6032631,52.54,52.67,52.02,1.7451612903225806
2017-10-19,52.29,6693572,52.03,52.4,52.01,1.7419354838709677
2017-10-20,52.02,8844049,52.51,52.59,51.94,1.738709677419355
2017-10-23,53.39,9775404,52.3,53.78,52.13,1.729032258064516
2017-10-24,54.25,11334010,53.44,54.44,53.4,1.7258064516129032
2017-10-25,53.84,7573657,53.98,54.43,53.475,1.7225806451612904
2017-10-26,53.8,5268706,54.1,54.39,53.665,1.7193548387096773
2017-10-27,54.57,8961840,53.7,54.7,53.36,1.7161290322580645
2017-10-30,54.66,7080720,54.16,54.77,54.08,1.7064516129032257
2017-10-31,51.01,29877270,52.26,52.49,50.02,1.7032258064516128
2017-11-01,53.46,15609560,51.47,53.49,50.51,1.7
2017-11-02,54.84,17320180,53.6,55.68,53.6,1.7033333333333334
2017-11-03,61.81,80796380,54.76,64.99,54.21,1.7066666666666666
2017-11-06,62.52,58736890,64.54,65.33,62.15,1.7166666666666666
2017-11-07,64.1,23372660,62.52,64.16,62.45,1.72
2017-11-08,65.49,26471350,64.21,65.79,64.21,1.7233333333333334
2017-11-09,64.6,15945070,64.91,65.33,63.93,1.7266666666666666
2017-11-10,64.57,9624536,64.36,65.1,63.92,1.73
2017-11-13,66.49,24350590,64.96,66.82,64.75,1.74
2017-11-14,66.0,14032740,66.16,66.8,65.55,1.7433333333333334
2017-11-15,65.61,10559860,65.55,66.4838,65.24,1.7466666666666666
2017-11-16,66.11,12333670,65.77,66.54,65.43,1.75
2017-11-17,66.72,12999690,66.37,66.95,66.0,1.7533333333333334
2017-11-20,66.47,9710785,66.18,66.85,65.95,1.7633333333333334
2017-11-21,66.67,11213630,65.35,66.93,65.27,1.7666666666666666
2017-11-22,68.13,15351420,66.37,68.26,66.24,1.77
2017-11-24,68.91,9233511,68.51,69.28,68.45,1.7766666666666666
2017-11-27,68.14,20395280,68.6,68.92,68.04,1.7866666666666666
2017-11-28,68.38,12842080,67.59,68.41,67.22,1.79
2017-11-29,66.52,16983100,68.1,68.2,66.03,1.7933333333333334
2017-11-30,66.34,15486500,66.51,67.1,65.72,1.7966666666666666
2017-12-01,65.49,15849650,65.2,66.12,64.6,1.8
2017-12-04,64.56,17322970,65.6,65.7,63.8,1.8
2017-12-05,64.69,9607596,64.85,65.03,64.4,1.8
2017-12-06,64.98,6924907,64.64,65.68,64.36,1.8
2017-12-07,65.23,6754179,65.21,65.55,64.77,1.8
2017-12-08,64.24,9364685,65.6,65.6,63.88,1.8
2017-12-11,65.18,12178010,64.06,65.2631,64.0,1.8
2017-12-12,64.86,6987364,64.88,65.11,64.55,1.8
2017-12-13,64.9,6487265,64.98,65.425,64.83,1.8
2017-12-14,64.7,7058316,64.86,65.17,64.545,1.8
2017-12-15,64.76,18824640,65.33,65.42,64.5,1.8
2017-12-18,65.38,7385961,64.93,65.46,64.8,1.8
2017-12-19,64.5,7128588,65.11,65.48,64.43,1.8
2017-12-20,64.6,6932237,64.56,65.17,64.33,1.8
2017-12-21,64.39,5420048,64.75,64.9604,64.34,1.8
2017-12-22,64.73,4429203,64.31,64.98,64.3,1.8
2017-12-26,64.3,4203674,64.49,64.94,64.2,1.8
2017-12-27,64.54,4890564,64.32,64.64,64.18,1.8
2017-12-28,64.38,2436136,64.69,64.73,64.35,1.8
2017-12-29,64.02,6620942,64.36,64.65,64.0,1.8
2018-01-02,65.2,6321493,64.38,65.33,64.17,1.8
2018-01-03,65.94,6837514,65.22,66.06,64.69,1.8
2018-01-04,66.03,5055347,66.18,66.53,65.91,1.8
2018-01-05,66.47,5411054,66.04,66.6,65.5,1.8
2018-01-08,66.27,4264992,66.25,66.53,65.94,1.8
2018-01-09,65.27,7623344,65.64,65.86,64.94,1.8
2018-01-10,65.26,6568227,65.48,65.74,64.88,1.8
2018-01-11,65.43,4232235,65.2,65.5,65.14,1.8
2018-01-12,65.38,4989716,65.61,65.9,65.08,1.8
2018-01-16,68.25,24004060,66.23,68.65,66.03,1.8
2018-01-17,68.02,12531250,68.52,68.9,67.24,1.8
2018-01-18,68.05,6788361,67.75,68.18,67.49,1.8
2018-01-19,68.04,8861726,68.04,68.25,67.75,1.8
2018-01-22,68.67,8565469,67.81,68.75,67.705,1.8
2018-01-23,68.34,7743123,68.6,68.895,68.24,1.8
2018-01-24,67.98,12376750,68.2,68.285,67.38,1.8
2018-01-25,67.42,9106009,68.14,68.37,67.29,1.8
2018-01-26,68.53,7914514,67.94,68.53,67.6,1.8
2018-01-29,67.32,9481156,68.16,68.3,67.24,1.8
2018-01-30,66.99,7786173,67.43,67.91,66.73,1.8
2018-01-31,68.25,13682900,67.55,68.38,67.46,1.8
2018-02-01,66.8,16837390,67.0,68.35,66.32,1.8
2018-02-02,66.07,10912810,66.18,67.04,65.86,1.8107142857142857
2018-02-05,61.73,35871980,66.3,66.55,60.5,1.842857142857143
2018-02-06,64.4,24136600,62.31,64.53,62.2,1.8535714285714286
2018-02-07,65.04,14985820,64.22,66.12,64.02,1.8642857142857143
2018-02-08,62.42,13427410,64.63,65.07,62.4,1.875
2018-02-09,63.99,23072090,62.95,64.32,61.46,1.8857142857142857
2018-02-12,65.66,13617350,64.89,65.7,64.39,1.917857142857143
2018-02-13,65.7,7673101,65.23,65.76,64.98,1.9285714285714286
2018-02-14,66.59,10325410,65.15,66.8,65.1044,1.9392857142857143
2018-02-15,65.28,15543240,66.38,66.38,63.86,1.9500000000000002
2018-02-16,64.85,11753750,64.77,65.83,64.595,1.9607142857142859
2018-02-20,63.99,27419440,63.01,64.14,61.86,2.0035714285714286
2018-02-21,63.4,14892350,63.12,63.86,62.65,2.0142857142857142
2018-02-22,62.18,11710550,63.15,63.58,62.03,2.025
2018-02-23,63.32,6756190,62.81,63.32,62.03,2.0357142857142856
2018-02-26,66.98,27310260,64.55,67.3599,64.19,2.067857142857143
2018-02-27,66.34,14182200,67.0,67.629,66.01,2.0785714285714287
2018-02-28,65.0,9552993,66.7,66.72,64.911,2.0892857142857144
2018-03-01,64.96,10791990,65.03,66.2372,64.33,2.1
2018-03-02,64.74,10602490,64.31,64.85,64.03,2.1
2018-03-05,64.01,15433290,64.34,65.6,63.54,2.1
2018-03-06,62.14,23413720,63.5,63.55,61.06,2.1
2018-03-07,62.49,11223920,61.49,62.61,61.425,2.1
2018-03-08,61.82,9085205,62.65,62.74,61.5655,2.1
2018-03-09,63.03,7580183,62.36,63.06,62.12,2.1
2018-03-12,62.81,15147440,63.05,63.48,62.3,2.1
2018-03-13,59.7,38552320,59.77,61.4,59.13,2.1
2018-03-14,60.12,29754510,59.9,60.38,57.895,2.1
2018-03-15,59.89,9418467,60.03,60.28,59.56,2.1
2018-03-16,60.62,25534630,60.6,61.49,60.48,2.1
2018-03-19,58.37,14028590,60.19,60.35,57.9,2.1
2018-03-20,58.26,10609650,58.99,59.0899,57.95,2.1
2018-03-21,56.81,12221250,57.5,58.28,56.77,2.1
2018-03-22,55.58,13515190,56.24,56.83,55.52,2.1
2018-03-23,53.66,14676260,55.63,56.15,53.65,2.1
2018-03-26,56.13,12090700,54.58,56.14,54.25,2.1
2018-03-27,54.84,12235250,56.59,57.24,54.54,2.1
2018-03-28,54.7,12925100,54.81,55.97,54.455,2.1
2018-03-29,55.41,8480974,55.04,55.93,54.6217,2.1
2018-04-02,53.81,15454440,55.1,55.24,53.07,2.1033333333333335
2018-04-03,54.78,7928898,54.29,55.05,53.62,2.106666666666667
2018-04-04,54.99,7493471,53.8,55.12,53.421,2.1100000000000003
2018-04-05,55.04,5650054,55.49,55.5,54.44,2.1133333333333333
2018-04-06,53.12,8314855,54.42,54.77,53.11,2.1166666666666667
2018-04-09,53.43,7607529,53.52,54.89,53.34,2.126666666666667
2018-04-10,54.77,12012040,54.58,55.01,54.215,2.13
2018-04-11,55.01,5830937,54.19,55.07,54.15,2.1333333333333333
2018-04-12,55.2,7309566,55.47,55.65,55.02,2.1366666666666667
2018-04-13,55.73,12201270,56.61,56.79,55.4189,2.14
2018-04-16,54.77,7849904,55.94,55.99,54.57,2.1500000000000004
2018-04-17,55.35,6505810,54.99,55.6767,54.78,2.1533333333333333
2018-04-18,55.23,4796636,55.14,55.62,54.88,2.1566666666666667
2018-04-19,52.57,19141940,54.0,54.14,52.5,2.16
2018-04-20,51.44,11713030,52.81,52.89,51.32,2.1633333333333336
2018-04-23,50.53,10850810,51.5,51.81,50.27,2.1733333333333333
2018-04-24,49.94,11666910,50.88,51.29,49.38,2.1766666666666667
2018-04-25,49.75,9581297,50.0,50.44,48.87,2.18
2018-04-26,50.47,13599720,49.52,50.59,48.56,2.1833333333333336
2018-04-27,51.11,9231019,50.75,51.36,50.49,2.186666666666667
2018-04-30,51.01,9446366,51.25,51.82,51.0,2.1966666666666668
2018-05-01,50.82,6779093,50.76,51.05,50.04,2.2
2018-05-02,50.26,8141141,51.24,51.25,49.92,2.2032258064516133
2018-05-03,50.31,8581029,49.99,50.544,49.31,2.206451612903226
2018-05-04,52.49,9873810,50.18,52.6,49.9194,2.209677419354839
2018-05-07,53.01,9573159,52.58,53.27,52.52,2.2193548387096773
2018-05-08,52.86,9828384,53.04,53.27,52.105,2.2225806451612904
2018-05-09,53.17,6988888,52.86,53.325,52.2,2.2258064516129035
2018-05-10,54.97,12264360,54.45,55.07,53.945,2.229032258064516
2018-05-11,55.23,9638470,54.76,55.79,54.619,2.232258064516129
2018-05-14,56.74,15385420,57.33,57.8,56.34,2.241935483870968
2018-05-15,55.64,12047610,56.5,56.61,55.2204,2.2451612903225806
2018-05-16,56.7,8551073,55.76,56.81,55.67,2.2483870967741937
2018-05-17,56.95,11446570,56.49,57.3801,56.39,2.2516129032258063
2018-05-18,57.51,11997160,56.93,57.99,56.396,2.2548387096774194
2018-05-21,57.71,14235140,57.68,58.27,56.765,2.264516129032258
2018-05-22,57.39,9431533,57.91,58.36,57.07,2.267741935483871
2018-05-23,58.82,11295930,56.91,58.86,56.83,2.270967741935484
2018-05-24,59.08,12381340,58.58,59.25,58.05,2.2741935483870965
2018-05-25,59.96,11479430,58.85,60.0,58.81,2.2774193548387096
2018-05-29,58.23,14670800,59.5,59.5999,57.7,2.290322580645161
2018-05-30,58.39,9080236,58.41,58.65,57.66,2.293548387096774
2018-05-31,58.12,12812670,58.0,58.57,57.7601,2.2967741935483867
2018-06-01,58.61,8866750,58.34,58.73,58.01,2.3
2018-06-04,58.71,9629054,58.62,58.87,57.95,2.3099999999999996
2018-06-05,58.98,6542890,58.86,59.6002,58.76,2.313333333333333
2018-06-06,59.84,6224100,59.26,59.85,59.11,2.3166666666666664
2018-06-07,60.64,14780110,62.0,62.65,60.22,2.32
2018-06-08,60.26,7030319,60.25,60.62,59.805,2.3233333333333333
2018-06-11,59.93,7334965,60.17,60.415,59.82,2.333333333333333
2018-06-12,59.79,6956630,60.11,60.38,59.545,2.3366666666666664
2018-06-13,59.22,9674514,59.67,60.23,59.12,2.34
2018-06-14,59.46,8258294,59.29,59.7,58.95,2.3433333333333333
2018-06-15,59.86,13803810,59.87,59.95,58.92,2.3466666666666667
2018-06-18,59.2,6936311,59.31,59.37,58.92,2.3566666666666665
2018-06-19,58.7,7958117,58.28,58.735,57.85,2.36
2018-06-20,58.79,6525236,59.18,59.2,58.31,2.3633333333333333
2018-06-21,58.75,6540003,59.21,59.21,58.39,2.3666666666666667
2018-06-22,58.5,8073976,58.78,59.1,58.43,2.37
2018-06-25,57.05,8635187,58.09,58.14,56.61,2.38
2018-06-26,56.45,8926033,57.08,57.1455,56.31,2.3833333333333333
2018-06-27,55.17,11830400,56.55,57.53,55.14,2.3866666666666667
2018-06-28,55.9,11715190,55.12,56.46,55.09,2.3899999999999997
2018-06-29,56.12,11273960,56.13,56.86,56.08,2.393333333333333
2018-07-02,56.18,7298699,55.4,56.22,55.12,2.393548387096774
2018-07-03,55.33,3618923,56.41,56.5298,55.25,2.3870967741935485
2018-07-05,57.38,11714030,55.7,57.43,55.65,2.3741935483870966
2018-07-06,57.84,8806155,57.46,58.07,57.03,2.367741935483871
2018-07-09,58.04,4568391,58.06,58.305,57.23,2.3483870967741933
2018-07-10,58.37,6804134,58.06,58.47,57.95,2.3419354838709676
2018-07-11,57.3,8698241,57.43,58.01,56.735,2.335483870967742
2018-07-12,58.32,8426402,57.85,58.49,57.31,2.329032258064516
2018-07-13,58.39,5266069,58.25,58.78,58.18,2.3225806451612905
2018-07-16,58.35,5901058,58.42,58.84,58.06,2.303225806451613
2018-07-17,58.91,7557982,57.92,58.91,57.62,2.296774193548387
2018-07-18,58.76,6192816,59.0,59.0,58.37,2.2903225806451615
2018-07-19,59.31,8072315,58.71,59.59,58.65,2.2838709677419358
2018-07-20,58.61,10859660,58.98,59.18,58.4002,2.2774193548387096
2018-07-23,59.08,8006231,58.4,59.21,57.815,2.2580645161290325
2018-07-24,58.85,6635988,59.35,59.62,58.45,2.2516129032258068
2018-07-25,59.42,12645590,58.55,59.5,57.76,2.2451612903225806
2018-07-26,63.58,30993600,63.05,63.76,61.26,2.238709677419355
2018-07-27,62.69,11974220,63.22,63.51,62.22,2.232258064516129
2018-07-30,62.04,9401252,62.65,62.98,61.925,2.2129032258064516
2018-07-31,64.09,22276660,63.83,64.655,63.5,2.206451612903226
2018-08-01,64.35,10706150,63.55,64.87,63.55,2.2
2018-08-02,64.77,10616930,63.96,65.04,63.64,2.2
2018-08-03,65.4,7809337,64.74,65.61,64.67,2.2
2018-08-06,65.73,10876850,65.86,66.02,65.33,2.2
2018-08-07,65.44,7810190,65.93,65.93,65.25,2.2
2018-08-08,65.16,7912014,65.21,65.55,65.12,2.2
2018-08-09,65.08,6491520,65.1,65.3,64.92,2.2
2018-08-10,64.82,8316029,64.65,64.935,64.4944,2.2
2018-08-13,64.84,6092298,65.15,65.23,64.65,2.2
2018-08-14,65.43,7748474,65.09,65.62,64.7749,2.2
2018-08-15,65.68,13524180,65.14,65.82,64.545,2.2
2018-08-16,65.76,9852520,65.86,66.1,65.5315,2.2
2018-08-17,66.06,15169870,65.5,66.19,65.12,2.2
2018-08-20,66.16,13963760,66.33,66.59,65.735,2.2
2018-08-21,66.55,11979450,66.09,66.775,66.03,2.2
2018-08-22,66.84,13859700,66.22,67.08,66.21,2.2
2018-08-23,66.86,12037430,66.98,67.29,66.8,2.2
2018-08-24,67.15,15999270,67.0,67.36,66.94,2.2
2018-08-27,67.34,12576320,67.37,67.48,67.215,2.2
2018-08-28,69.78,24951230,68.56,70.4868,67.9203,2.2
2018-08-29,69.2,11831540,69.67,70.07,69.14,2.2
2018-08-30,68.14,12015000,68.97,69.16,68.0,2.2
2018-08-31,68.71,11132260,67.99,69.0,67.94,2.2
2018-09-04,69.98,13023100,68.74,70.11,68.71,2.1900000000000004
2018-09-05,70.89,15304970,69.8,71.065,69.31,2.186666666666667
2018-09-06,70.36,11995700,70.85,71.35,70.19,2.1833333333333336
2018-09-07,70.38,24413620,69.84,70.62,69.615,2.18
2018-09-10,72.32,14599880,70.67,72.75,70.5,2.17
2018-09-11,72.51,9499596,71.84,72.66,71.81,2.166666666666667
2018-09-12,71.75,12589970,72.09,72.5,70.02,2.1633333333333336
2018-09-13,74.61,22758120,73.68,75.36,73.48,2.16
2018-09-14,75.09,12693840,74.53,76.04,74.41,2.1566666666666667
2018-09-17,73.24,11556400,74.84,75.28,73.11,2.146666666666667
2018-09-18,74.72,11689650,73.8,76.5,73.51,2.1433333333333335
2018-09-19,74.06,11456680,75.37,75.37,73.77,2.14
2018-09-20,74.6,11739370,74.48,75.11,74.2081,2.1366666666666667
2018-09-21,73.7,21312620,74.83,74.87,73.13,2.1333333333333333
2018-09-24,73.58,15442890,73.08,73.85,72.8,2.1233333333333335
2018-09-25,72.74,20712780,72.64,73.57,72.58,2.12
2018-09-26,71.76,11301880,72.68,73.26,71.58,2.1166666666666667
2018-09-27,71.71,12496430,72.18,72.68,71.475,2.1133333333333333
2018-09-28,72.03,19770810,71.51,73.26,71.25,2.1100000000000003
2018-10-01,72.6,9335121,72.46,73.43,72.1,2.1
2018-10-02,73.35,9220417,72.4,73.91,72.2719,2.103225806451613
2018-10-03,72.64,7077184,73.59,73.885,72.59,2.106451612903226
2018-10-04,72.38,8598628,72.0,72.7,71.8569,2.109677419354839
2018-10-05,71.21,11734920,72.39,72.66,70.55,2.1129032258064515
2018-10-08,70.93,10083940,70.78,71.6,70.56,2.1225806451612903
2018-10-09,70.13,10327510,70.76,70.96,70.09,2.1258064516129034
2018-10-10,66.73,22216870,68.77,69.56,66.62,2.1290322580645165
2018-10-11,64.29,25808960,66.35,66.99,63.61,2.132258064516129
2018-10-12,64.29,15656960,65.55,65.65,63.27,2.135483870967742
2018-10-15,64.17,12287910,64.23,65.2,64.01,2.145161290322581
2018-10-16,66.12,15929630,64.78,66.39,64.62,2.1483870967741936
2018-10-17,66.1,14777840,66.38,66.61,65.29,2.1516129032258067
2018-10-18,65.15,12214680,65.68,66.32,64.87,2.1548387096774193
2018-10-19,65.36,10671850,65.45,66.21,65.0,2.1580645161290324
2018-10-22,66.12,12886320,65.69,66.6,65.225,2.167741935483871
2018-10-23,66.38,13437320,63.66,66.92,63.57,2.170967741935484
2018-10-24,62.62,23301210,65.87,66.39,62.5,2.174193548387097
2018-10-25,63.2,20380830,63.81,63.83,62.35,2.17741935483871
2018-10-26,62.48,17043100,61.5,63.64,61.18,2.1806451612903226
2018-10-29,62.17,14771050,63.5,63.69,61.27,2.1903225806451614
2018-10-30,63.18,18862030,62.36,63.72,62.17,2.1935483870967745
2018-10-31,62.89,12913140,62.91,63.52,62.0681,2.196774193548387
2018-11-01,63.71,10992620,63.2,64.31,62.88,2.2
2018-11-02,63.33,13478820,63.94,63.955,62.3401,2.2
2018-11-05,63.47,13370050,63.08,63.8021,62.66,2.2
2018-11-06,63.63,8752637,63.35,64.34,62.41,2.2
2018-11-07,63.21,18379760,63.5,63.75,62.28,2.2
2018-11-08,58.05,32152810,58.0,60.15,57.6,2.2
2018-11-09,56.72,21741670,57.78,58.2356,56.19,2.2
2018-11-12,54.49,24215770,56.37,56.5,54.43,2.2
2018-11-13,54.16,20880770,54.74,55.49,54.05,2.2
2018-11-14,53.94,13836710,54.84,54.89,53.67,2.2
2018-11-15,55.39,18849280,53.83,55.54,53.53,2.2
2018-11-16,55.88,57297720,55.12,57.04,54.99,2.2
2018-11-19,54.9,20080460,55.85,56.62,54.87,2.2
2018-11-20,54.92,20655110,54.2,55.4299,54.07,2.2
2018-11-21,55.27,13012000,55.21,56.5,55.18,2.2
2018-11-23,55.25,4671883,54.77,55.745,54.75,2.2
2018-11-26,55.73,10352690,55.79,56.38,55.175,2.2
2018-11-27,55.57,9709175,55.59,56.225,55.35,2.2
2018-11-28,56.65,17326030,55.89,56.72,54.691,2.2
2018-11-29,58.11,26873000,57.89,59.05,57.77,2.2
2018-11-30,58.26,18194030,58.22,58.47,57.02,2.2
2018-12-03,59.14,17111810,60.51,60.51,58.4,2.2
2018-12-04,57.73,15829600,58.99,59.48,57.22,2.2
2018-12-06,57.11,17893450,56.01,57.21,55.6941,2.2
2018-12-07,55.99,17050440,56.61,57.12,55.73,2.2
2018-12-10,57.24,20330070,57.77,58.25,56.64,2.2
2018-12-11,57.35,13057400,58.45,58.66,56.8313,2.2
2018-12-12,57.72,13239360,58.44,58.58,57.53,2.2
2018-12-13,58.09,8941884,58.14,58.38,57.56,2.2
2018-12-14,57.62,13550980,57.56,59.0,57.36,2.2
2018-12-17,57.0,16627350,57.59,58.34,56.67,2.2
2018-12-18,57.78,12338230,57.69,58.54,57.4,2.2
2018-12-19,56.69,17375570,57.54,58.5,56.06,2.2
2018-12-20,56.37,21739630,57.22,57.94,56.06,2.2
2018-12-21,54.85,38197880,56.26,57.28,54.69,2.2
2018-12-24,53.65,8274961,53.7,54.89,53.57,2.2
2018-12-26,55.96,18327720,54.25,56.0,53.512,2.2
2018-12-27,56.09,15447600,55.54,56.39,54.77,2.2
2018-12-28,56.81,12746290,56.33,57.53,56.24,2.2
2018-12-31,56.91,8876961,57.12,57.41,56.2818,2.2
2019-01-02,57.4,9885460,56.2,58.0,55.92,2.196774193548387
2019-01-03,55.7,14395960,55.95,56.84,55.52,2.1935483870967745
2019-01-04,56.6,14175400,56.5,56.83,55.2101,2.1903225806451614
2019-01-07,56.44,12316290,56.39,57.16,55.945,2.1806451612903226
2019-01-08,55.95,12108720,56.71,56.88,55.61,2.17741935483871
2019-01-09,56.61,10970950,56.26,57.11,56.14,2.174193548387097
2019-01-10,56.8,10954470,56.19,56.99,56.1,2.170967741935484
2019-01-11,57.5,12022060,56.47,58.17,56.33,2.167741935483871
2019-01-14,57.3,9448101,57.02,57.65,56.37,2.1580645161290324
2019-01-15,55.73,17278180,57.32,57.4,55.56,2.1548387096774193
2019-01-16,55.27,13838750,55.75,56.08,55.16,2.1516129032258067
2019-01-17,54.77,18163610,54.97,55.2,54.37,2.1483870967741936
2019-01-18,55.27,26141600,55.39,55.9,54.99,2.145161290322581
2019-01-22,54.29,17819940,54.97,54.99,53.94,2.132258064516129
2019-01-23,51.77,33779310,52.92,53.57,51.22,2.129032258064516
2019-01-24,50.81,30259740,51.95,51.98,50.41,2.1258064516129034
2019-01-25,51.3,19513010,50.93,52.03,50.28,2.1225806451612903
2019-01-28,50.64,24454460,50.32,51.29,50.24,2.1129032258064515
2019-01-29,49.4,26249850,50.49,50.8381,49.34,2.109677419354839
2019-01-30,50.17,17578800,49.68,50.42,49.21,2.106451612903226
2019-01-31,49.52,24558700,51.2,51.28,49.1,2.103225806451613
2019-02-01,49.61,15433480,49.58,50.28,49.4,2.1
2019-02-04,49.69,10860220,49.71,49.8,49.465,2.0892857142857144
2019-02-05,50.73,15450460,49.73,51.08,49.72,2.085714285714286
2019-02-06,51.1,10879420,50.94,51.635,50.9274,2.0821428571428573
2019-02-07,50.55,10590350,50.83,51.12,50.27,2.0785714285714287
2019-02-08,50.29,12461180,50.24,50.68,49.91,2.075
2019-02-11,50.83,9969719,50.55,51.3,50.38,2.0642857142857145
2019-02-12,51.66,16633260,51.3,52.18,51.015,2.060714285714286
2019-02-13,51.59,10994080,52.0,52.49,51.56,2.0571428571428574
2019-02-14,51.57,17893140,51.5,51.765,51.0925,2.053571428571429
2019-02-15,51.98,12078990,52.08,52.36,51.6,2.05
2019-02-19,52.01,8196656,52.0,52.48,51.75,2.0357142857142856
2019-02-20,52.45,12860600,52.25,52.915,52.135,2.032142857142857
2019-02-21,52.35,7814102,52.5,52.59,51.9,2.0285714285714285
2019-02-22,53.12,13392890,52.69,53.15,52.64,2.025
2019-02-25,52.99,15277140,53.78,53.97,52.9,2.0142857142857142
2019-02-26,53.03,11358720,53.08,53.2199,52.28,2.0107142857142857
2019-02-27,53.04,10423610,52.95,53.1291,52.27,2.007142857142857
2019-02-28,53.39,18624510,53.0,53.76,52.71,2.0035714285714286
2019-03-01,54.2,12304580,54.0,54.4,53.71,2.0
2019-03-04,53.78,14011760,54.58,54.7,53.255,2.009677419354839
2019-03-05,53.94,10013820,53.9,54.225,53.7,2.0129032258064514
2019-03-06,54.8,20451010,53.89,55.46,53.73,2.0161290322580645
2019-03-07,54.03,13648970,54.83,55.05,53.61,2.0193548387096776
2019-03-08,53.53,10110120,53.45,53.63,53.03,2.02258064516129
2019-03-11,54.35,10726870,53.72,54.745,53.65,2.032258064516129
2019-03-12,54.84,9573351,54.66,55.31,54.54,2.035483870967742
2019-03-13,55.39,9107165,55.03,55.94,55.0,2.0387096774193547
2019-03-14,55.4,7300908,55.53,55.87,55.25,2.041935483870968
2019-03-15,56.6,26979810,55.0,57.34,54.9201,2.045161290322581
2019-03-18,56.83,13087270,56.62,57.19,56.44,2.054838709677419
2019-03-19,56.97,9339699,57.17,57.68,56.775,2.0580645161290323
2019-03-20,57.16,8795319,57.03,57.69,56.75,2.0612903225806454
2019-03-21,57.77,19508070,57.23,58.28,57.2,2.064516129032258
2019-03-22,56.82,10241290,57.68,58.09,56.7548,2.067741935483871
2019-03-25,56.64,6929255,56.58,56.9369,56.07,2.07741935483871
2019-03-26,58.0,16035850,57.15,58.39,56.67,2.0806451612903225
2019-03-27,56.91,11905380,57.35,57.665,56.32,2.0838709677419356
2019-03-28,56.55,11064020,57.03,57.39,56.34,2.0870967741935487
2019-03-29,57.03,8524335,57.0,57.555,56.94,2.0903225806451613
2019-04-01,57.81,11937700,57.64,58.15,57.11,2.1
2019-04-02,58.09,7438715,57.98,58.53,57.66,2.0966666666666667
2019-04-03,57.68,11562320,58.2,58.29,57.18,2.0933333333333333
2019-04-04,57.86,9902964,57.75,58.61,57.69,2.09
2019-04-05,57.99,12331840,57.98,58.19,57.685,2.086666666666667
2019-04-08,57.76,8936237,57.79,58.49,57.505,2.0766666666666667
2019-04-09,57.44,11712820,57.57,57.66,57.03,2.0733333333333333
2019-04-10,56.33,15972490,57.71,57.86,56.1,2.0700000000000003
2019-04-11,55.9,13880440,56.44,56.9,55.785,2.066666666666667
2019-04-12,56.95,13461600,56.28,57.17,56.07,2.0633333333333335
2019-04-15,57.18,10710850,57.14,57.67,57.025,2.0533333333333332
2019-04-16,70.45,85262370,57.46,71.03,57.29,2.05
2019-04-17,79.08,155953900,78.82,82.52,76.49,2.046666666666667
2019-04-18,79.89,41101250,78.72,80.2,78.0202,2.0433333333333334
2019-04-22,81.97,33250190,79.83,82.5,79.3376,2.0300000000000002
2019-04-23,86.72,56825660,83.9,87.96,83.27,2.026666666666667
2019-04-24,86.83,40260830,87.04,88.63,85.3,2.0233333333333334
2019-04-25,85.07,20660020,86.17,86.32,84.515,2.02
2019-04-26,86.64,18738320,84.51,86.755,84.21,2.0166666666666666
2019-04-29,87.25,17681060,86.4,87.98,85.84,2.006666666666667
2019-04-30,86.13,17522180,86.98,87.4599,86.05,2.0033333333333334
2019-05-01,86.37,28211470,87.17,88.22,86.15,2.0
2019-05-02,87.14,40341970,87.5,90.34,86.15,2.003225806451613
2019-05-03,89.29,21068420,87.76,89.82,87.06,2.0064516129032257
2019-05-06,88.25,15682130,86.33,88.695,86.14,2.0161290322580645
2019-05-07,85.2,21579490,87.2,88.15,84.78,2.0193548387096776
2019-05-08,84.54,15500670,84.85,85.72,84.11,2.02258064516129
2019-05-09,83.78,14515980,83.37,84.8372,82.26,2.0258064516129033
2019-05-10,85.84,15955600,83.38,86.3292,83.35,2.0290322580645164
2019-05-13,83.89,16689040,83.24,84.85,82.99,2.0387096774193547
2019-05-14,86.13,14353740,84.27,86.44,84.0,2.041935483870968
2019-05-15,86.26,11784840,85.55,87.0,84.89,2.045161290322581
2019-05-16,82.81,22498840,83.79,84.8,82.13,2.0483870967741935
2019-05-17,81.5,19523410,80.49,83.12,80.0,2.0516129032258066
2019-05-20,76.62,32679280,77.95,78.33,76.07,2.0612903225806454
2019-05-21,77.75,17282160,78.91,79.04,77.22,2.064516129032258
2019-05-22,69.31,66150730,69.13,71.74,67.97,2.067741935483871
2019-05-23,68.255,31820660,67.02,68.27,65.9,2.070967741935484
2019-05-24,66.21,21419950,68.93,69.15,65.9686,2.074193548387097
2019-05-28,65.37,22667320,66.64,67.71,65.235,2.0870967741935487
2019-05-29,65.76,16312640,65.36,66.15,64.76,2.0903225806451613
2019-05-30,66.59,11554570,65.97,67.07,65.93,2.0935483870967744
2019-05-31,66.82,15060330,65.78,67.84,65.53,2.096774193548387
2019-06-03,66.66,13620740,67.09,68.13,66.28,2.106666666666667
2019-06-04,68.45,15866730,67.61,68.5,66.7,2.1100000000000003
2019-06-05,67.02,11779190,68.04,68.33,65.83,2.1133333333333333
2019-06-06,67.59,10781680,66.92,67.97,66.265,2.1166666666666667
2019-06-07,68.69,10495640,67.69,68.78,67.3,2.12
2019-06-10,70.54,15229200,69.0,71.46,69.0,2.13
2019-06-11,71.24,11839510,71.58,72.22,70.2732,2.1333333333333333
2019-06-12,69.59,9396217,69.53,70.37,69.2,2.1366666666666667
2019-06-13,69.93,6790485,69.97,70.49,69.38,2.14
2019-06-14,68.72,12119480,68.35,69.12,67.9,2.1433333333333335
2019-06-17,69.11,9411062,69.09,69.98,68.9,2.1533333333333333
2019-06-18,71.96,14507950,69.69,72.39,69.67,2.1566666666666667
2019-06-19,71.8,11999270,72.37,72.62,70.8,2.16
2019-06-20,72.74,9871805,73.19,73.67,72.228,2.1633333333333336
2019-06-21,72.72,15244480,72.31,73.17,72.31,2.166666666666667
2019-06-24,73.16,8893028,72.97,73.45,72.2,2.1766666666666667
2019-06-25,72.55,8953434,73.23,74.135,72.52,2.18
2019-06-26,74.95,13807970,73.76,75.695,73.65,2.1833333333333336
2019-06-27,75.43,11151880,75.34,75.9,75.17,2.186666666666667
2019-06-28,76.07,29217470,75.66,76.44,74.81,2.1900000000000004
2019-07-01,77.52,17705710,80.67,80.76,77.08,2.2
2019-07-02,77.01,7079400,77.28,77.48,76.62,2.206451612903226
2019-07-03,76.63,5290377,77.07,77.23,76.05,2.2129032258064516
2019-07-05,76.66,9220821,74.2,76.72,74.1,2.2258064516129035
2019-07-08,76.63,7924854,75.98,77.03,75.93,2.2451612903225806
2019-07-09,76.55,7506644,76.44,76.84,75.84,2.2516129032258068
2019-07-10,74.36,15075740,76.83,76.91,74.08,2.2580645161290325
2019-07-11,73.71,14298370,74.52,75.78,73.299,2.264516129032258
2019-07-12,74.9,8028070,74.25,74.98,73.66,2.270967741935484
2019-07-15,75.43,8898617,75.15,75.9,74.79,2.2903225806451615
2019-07-16,75.67,9909569,75.11,76.5,74.55,2.296774193548387
2019-07-17,75.76,20602290,78.57,79.4,75.71,2.303225806451613
2019-07-18,74.37,12585090,74.97,75.35,74.05,2.3096774193548386
2019-07-19,75.0,14477780,74.42,75.71,74.42,2.3161290322580643
2019-07-22,75.95,9645759,75.06,76.62,75.06,2.335483870967742
2019-07-23,74.12,14420370,75.34,75.59,73.31,2.3419354838709676
2019-07-24,75.87,14012730,74.01,76.42,73.68,2.3483870967741933
2019-07-25,75.35,7299472,75.84,76.14,75.0965,2.3548387096774195
2019-07-26,75.22,8262592,75.11,75.85,74.85,2.361290322580645
2019-07-29,74.97,8237515,75.16,76.32,74.67,2.3806451612903223
2019-07-30,74.81,7397857,74.58,75.07,74.36,2.3870967741935485
2019-07-31,73.16,14052750,74.83,75.28,72.757,2.393548387096774
2019-08-01,71.2,29729750,68.88,73.71,68.25,2.4
2019-08-02,71.15,12649400,70.44,71.525,70.0102,2.4
2019-08-05,68.8,13071790,69.97,70.84,68.56,2.4
2019-08-06,68.17,13189860,69.52,69.93,67.38,2.4
2019-08-07,69.4,8934864,67.26,69.6,67.12,2.4
2019-08-08,71.26,8367865,69.56,71.35,69.35,2.4
2019-08-09,71.5,8702158,70.51,72.185,70.19,2.4
2019-08-12,69.8,7364325,71.0,71.4799,69.73,2.4
2019-08-13,72.18,10320090,69.89,72.47,69.31,2.4
2019-08-14,70.88,10337330,70.64,71.89,70.55,2.4
2019-08-15,71.16,9122466,71.44,72.19,70.59,2.4
2019-08-16,73.28,10404360,71.85,73.41,71.73,2.4
2019-08-19,74.87,9690401,74.58,75.53,74.14,2.4
2019-08-20,76.07,9390323,74.57,76.435,74.33,2.4
2019-08-21,76.7,11005470,76.5,77.19,75.99,2.4
2019-08-22,77.15,7199830,76.91,77.95,76.6,2.4
2019-08-23,73.52,16481000,76.12,79.1,73.22,2.4
2019-08-26,72.91,11157100,74.9,75.09,72.52,2.4
2019-08-27,73.97,7305375,73.68,74.38,73.2,2.4
2019-08-28,74.35,5679043,73.79,74.88,72.91,2.4
2019-08-29,76.45,7348577,75.22,77.025,75.22,2.4
2019-08-30,77.77,8465646,77.18,78.05,77.0,2.4
2019-09-03,75.12,7580872,76.77,76.99,74.7,2.393333333333333
2019-09-04,77.09,4923888,75.99,77.12,75.63,2.3899999999999997
2019-09-05,78.99,13480670,77.89,80.44,77.89,2.3866666666666667
2019-09-06,78.84,5127957,78.96,79.079,78.44,2.3833333333333333
2019-09-09,78.21,6885162,79.04,79.45,77.968,2.373333333333333
2019-09-10,78.71,9373881,78.03,78.875,77.34,2.37
2019-09-11,79.9,6575726,78.17,79.905,78.12,2.3666666666666667
2019-09-12,79.08,5847092,80.05,80.05,78.58,2.3633333333333333
2019-09-13,78.41,5343695,79.18,79.535,78.37,2.36
2019-09-16,78.04,3756484,77.58,78.485,76.91,2.3499999999999996
2019-09-17,78.69,4436415,77.61,78.79,77.51,2.3466666666666667
2019-09-18,78.9,5197751,78.69,79.07,77.64,2.3433333333333333
2019-09-19,78.23,5451003,79.24,80.0,78.21,2.34
2019-09-20,76.44,9502747,78.2,78.7,76.17,2.3366666666666664
2019-09-23,77.24,6264899,76.67,77.91,76.0564,2.3266666666666667
2019-09-24,75.23,10446110,78.08,78.3,74.63,2.3233333333333333
2019-09-25,77.26,5700037,75.03,77.49,74.88,2.32
2019-09-26,77.35,3803609,77.16,77.69,75.94,2.3166666666666664
2019-09-27,76.63,5013911,77.01,78.2,76.21,2.313333333333333
2019-09-30,76.28,5286277,76.89,76.95,76.02,2.3033333333333332
2019-10-01,75.47,7049574,77.06,78.06,74.97,2.3
2019-10-02,73.99,6288051,75.26,75.71,73.77,2.3
2019-10-03,75.73,5633505,73.93,75.83,73.16,2.3
2019-10-04,77.49,4920357,76.32,77.56,75.84,2.3
2019-10-07,76.34,4400559,77.01,77.55,76.27,2.3
2019-10-08,72.85,9194400,75.52,75.82,72.81,2.3
2019-10-09,74.35,5271440,73.91,74.8,73.56,2.3
2019-10-10,74.97,6199401,74.35,75.9656,74.17,2.3
2019-10-11,76.7,7398164,76.19,77.82,76.01,2.3
2019-10-14,76.3,4660287,76.65,77.37,76.28,2.3
2019-10-15,77.82,5241661,76.88,77.98,76.28,2.3
2019-10-16,78.23,6366587,77.49,78.32,77.28,2.3
2019-10-17,78.97,5923920,78.7,79.96,78.4,2.3
2019-10-18,77.68,6110981,78.62,79.22,77.6725,2.3
2019-10-21,78.98,5307232,78.38,79.09,78.01,2.3
2019-10-22,78.47,5107829,78.93,79.07,78.2405,2.3
2019-10-23,77.24,5937606,77.21,78.13,76.87,2.3
2019-10-24,78.99,5422321,78.06,79.02,77.59,2.3
2019-10-25,80.17,6712346,79.0,80.23,78.91,2.3
2019-10-28,83.05,9949753,80.55,83.13,80.54,2.3
2019-10-29,81.66,4993553,82.75,82.85,81.44,2.3
2019-10-30,81.44,3970995,82.1,82.2482,80.85,2.3
2019-10-31,80.44,5693660,81.44,81.47,79.84,2.3
2019-11-01,83.58,8620326,81.59,83.65,81.25,2.3
2019-11-04,85.09,8389196,84.54,85.87,84.3082,2.3
2019-11-05,85.46,7280027,85.2,85.74,84.73,2.3
2019-11-06,84.63,9755311,85.34,85.605,84.2242,2.3
2019-11-07,89.98,30254020,89.83,92.5,88.32,2.3
2019-11-08,94.03,16375240,89.98,94.11,89.6,2.3
2019-11-11,91.84,11301320,91.71,92.5244,90.89,2.3
2019-11-12,90.97,9335820,92.18,92.25,90.17,2.3
2019-11-13,90.47,9519644,90.7,91.9,89.62,2.3
2019-11-14,90.48,8794397,90.31,90.58,89.43,2.3
2019-11-15,90.81,25491090,92.6,93.94,90.5801,2.3
2019-11-18,90.48,10367010,90.81,91.975,89.28,2.3
2019-11-19,87.96,18096640,91.25,91.39,86.68,2.3
2019-11-20,85.62,13050440,87.82,88.36,85.31,2.3
2019-11-21,85.11,10180380,84.79,86.3,84.55,2.3
2019-11-22,84.89,6166677,85.29,85.82,84.53,2.3
2019-11-25,85.29,8967364,85.76,86.29,85.08,2.3
2019-11-26,84.63,11587630,85.25,85.545,84.14,2.3
2019-11-27,84.8,5217649,85.16,85.31,84.4713,2.3
2019-11-29,83.55,3882382,84.51,85.1,83.42,2.3
2019-12-02,82.45,7677407,83.98,84.29,82.31,2.3
2019-12-03,80.58,11241840,81.38,81.39,79.81,2.3
2019-12-04,82.08,8478868,80.92,82.44,80.45,2.3
2019-12-05,82.585,6362029,82.65,83.4409,81.78,2.3
2019-12-06,83.82,6861714,83.45,84.25,83.42,2.3
2019-12-09,84.92,8464304,84.0,85.3,83.8401,2.3
2019-12-10,84.115,8085329,85.04,85.33,83.69,2.3
2019-12-11,86.99,9577072,84.84,87.1,84.76,2.3
2019-12-12,89.05,12174230,86.84,89.229,86.37,2.3
2019-12-13,87.83,12270500,88.91,89.7,87.564,2.3
2019-12-16,88.43,8719995,89.28,90.46,88.35,2.3
2019-12-17,88.32,7487131,89.0,89.04,87.68,2.3
2019-12-18,87.98,5869644,88.54,88.65,87.59,2.3
2019-12-19,88.49,7802786,88.36,88.701,87.62,2.3
2019-12-20,88.85,17593140,88.82,89.85,88.18,2.3
2019-12-23,88.45,7277068,89.01,89.33,88.245,2.3
2019-12-24,88.77,2435244,88.62,88.81,87.98,2.3
2019-12-26,88.4,5072875,88.92,88.96,87.9965,2.3
2019-12-27,88.8,5809692,88.9,88.95,88.09,2.3
2019-12-30,88.43,6545516,88.71,88.78,87.31,2.3
2019-12-31,88.23,5173531,87.99,88.77,87.88,2.3
2020-01-02,88.69,8416991,89.05,89.81,88.08,2.303225806451613
2020-01-03,87.02,8340945,87.26,87.64,86.44,2.3064516129032255
2020-01-06,86.51,8383247,85.91,86.55,85.54,2.3161290322580643
2020-01-07,88.97,8477788,87.04,89.49,86.91,2.3193548387096774
2020-01-08,88.71,7621947,88.9,89.47,87.92,2.32258064516129
2020-01-09,89.91,9182018,89.66,90.72,88.83,2.325806451612903
2020-01-10,90.26,9670161,90.51,92.39,89.87,2.329032258064516
2020-01-13,90.97,10372100,91.05,92.73,90.5485,2.3387096774193545
2020-01-14,90.56,7801839,91.13,91.61,90.29,2.3419354838709676
2020-01-15,89.67,7259093,90.75,91.18,89.25,2.3451612903225807
2020-01-16,91.79,9295519,90.22,92.229,89.82,2.3483870967741933
2020-01-17,95.91,23694370,93.0,96.17,92.95,2.3516129032258064
2020-01-21,94.54,10868540,95.33,95.7199,93.4229,2.364516129032258
2020-01-22,92.97,8342302,95.26,95.39,92.71,2.367741935483871
2020-01-23,92.0,11282020,92.85,92.95,91.46,2.370967741935484
2020-01-24,89.65,9471659,92.68,93.25,88.83,2.3741935483870966
2020-01-27,87.05,9240203,87.304,88.22,86.45,2.3838709677419354
2020-01-28,89.15,9186993,88.15,89.54,87.3861,2.3870967741935485
2020-01-29,88.23,8167966,88.66,89.02,87.35,2.390322580645161
2020-01-30,87.78,8379356,87.31,87.86,86.19,2.393548387096774
2020-01-31,85.31,9503569,87.05,87.1677,85.04,2.396774193548387
2020-02-03,86.48,7794550,85.55,86.58,85.16,2.3793103448275863
2020-02-04,88.93,9236376,88.25,88.95,87.37,2.3689655172413793
2020-02-05,90.91,14220870,90.99,91.14,89.27,2.3586206896551722
2020-02-06,90.61,21059030,88.06,90.775,86.19,2.3482758620689657
2020-02-07,87.42,10725090,89.62,90.03,87.38,2.3379310344827586
2020-02-10,88.6,7481257,86.78,88.635,86.5,2.306896551724138
2020-02-11,90.0,9452795,89.37,91.47,88.9,2.296551724137931
2020-02-12,91.72,9824153,91.65,92.44,91.29,2.286206896551724
2020-02-13,90.03,8428261,91.03,91.3799,89.7772,2.2758620689655173
2020-02-14,89.6,6256463,90.55,90.8,88.79,2.2655172413793103
2020-02-18,88.03,7251738,87.83,89.0,87.525,2.2241379310344827
2020-02-19,90.56,7820938,88.92,90.62,88.65,2.213793103448276
2020-02-20,89.47,9754899,90.81,91.88,88.68,2.203448275862069
2020-02-21,87.03,12260940,88.56,89.03,86.33,2.193103448275862
2020-02-24,83.32,12158500,83.9,84.83,82.71,2.1620689655172414
2020-02-25,80.22,14724970,83.94,84.4,79.64,2.1517241379310343
2020-02-26,79.66,13137750,81.0,82.03,79.09,2.1413793103448278
2020-02-27,75.94,17898300,77.13,78.19,75.33,2.1310344827586207
2020-02-28,78.3,20905480,73.76,79.81,73.34,2.1206896551724137
2020-03-02,80.56,15043360,79.015,80.71,77.13,2.07741935483871
2020-03-03,78.56,16356240,80.82,82.65,77.83,2.054838709677419
2020-03-04,81.8,9894894,79.12,81.91,78.05,2.032258064516129
2020-03-05,79.17,9396192,79.46,81.37,78.7,2.009677419354839
2020-03-06,77.47,11536520,76.33,78.08,75.83,1.9870967741935484
2020-03-09,72.64,13898510,72.4,76.1,71.83,1.9193548387096775
2020-03-10,78.89,13615620,74.8,79.04,74.16,1.896774193548387
2020-03-11,74.62,13385130,76.29,77.79,73.72,1.8741935483870968
2020-03-12,67.02,19386250,69.52,72.53,67.0,1.8516129032258064
2020-03-13,75.81,15971420,71.18,76.67,67.26,1.8290322580645162
2020-03-16,64.48,16134660,68.28,71.17,64.46,1.761290322580645
2020-03-17,68.86,16864540,65.91,69.81,62.2,1.738709677419355
2020-03-18,61.19,18381230,63.56,65.56,58.0,1.7161290322580645
2020-03-19,65.0,17127380,61.12,67.55,59.04,1.6935483870967742
2020-03-20,60.91,16591460,65.03,67.98,60.79,1.6709677419354838
2020-03-23,62.53,14920270,61.55,64.86,59.11,1.603225806451613
2020-03-24,65.46,18966800,66.0,67.62,62.19,1.5806451612903225
2020-03-25,63.08,15969790,65.9,66.96,62.46,1.5580645161290323
2020-03-26,68.98,15837900,64.0,69.655,63.25,1.5354838709677419
2020-03-27,66.59,9739098,66.5,69.12,65.93,1.5129032258064514
2020-03-30,69.03,9880831,67.19,69.5,66.06,1.4451612903225806
2020-03-31,67.65,13216270,69.3,70.36,66.66,1.4225806451612901
2020-04-01,65.9,14167920,65.0,68.7,65.0,1.4
2020-04-02,68.02,15432870,65.87,68.26,65.31,1.3933333333333333
2020-04-03,65.23,8600729,67.68,68.69,64.55,1.3866666666666665
2020-04-06,70.95,12153090,68.5,71.37,67.65,1.3666666666666667
2020-04-07,72.73,11285560,73.66,74.9,70.86,1.3599999999999999
2020-04-08,73.33,10695610,73.7,74.375,72.42,1.3533333333333333
2020-04-09,71.58,15465070,74.62,74.84,70.0,1.3466666666666667
2020-04-13,73.3,7896541,71.71,73.51,71.44,1.3199999999999998
2020-04-14,77.55,11314130,75.0,77.665,74.975,1.3133333333333332
2020-04-15,75.99,9951706,75.864,76.34,74.03,1.3066666666666666
2020-04-16,76.85,8819658,76.86,77.69,75.38,1.2999999999999998
2020-04-17,76.17,9925952,77.32,78.25,75.48,1.2933333333333332
2020-04-20,74.31,7217662,75.022,76.23,74.1,1.2733333333333332
2020-04-21,71.84,9273758,73.31,73.97,71.75,1.2666666666666666
2020-04-22,74.68,7367881,73.79,75.34,72.75,1.26
2020-04-23,73.81,7673845,75.0,76.17,73.76,1.2533333333333332
2020-04-24,76.04,6073839,73.92,76.11,73.66,1.2466666666666666
2020-04-27,75.98,7219462,76.59,77.8201,75.49,1.2266666666666666
2020-04-28,75.29,6250473,77.108,77.78,75.16,1.22
2020-04-29,78.97,11950170,77.17,79.24,76.83,1.2133333333333334
2020-04-30,78.67,17113450,80.27,80.87,77.28,1.2066666666666666
2020-05-01,75.64,9742126,76.85,77.59,74.68,1.2
2020-05-04,75.68,7202849,75.16,75.94,74.09,1.2
2020-05-05,77.63,7540822,76.75,78.81,76.56,1.2
2020-05-06,78.87,8179660,78.81,80.14,78.52,1.2
2020-05-07,78.83,7295662,79.7,80.17,78.2601,1.2
2020-05-08,80.56,7891915,79.7,81.09,79.36,1.2
2020-05-11,80.48,6604560,80.29,81.27,79.54,1.2
2020-05-12,78.42,7318108,81.29,81.79,78.4,1.2
2020-05-13,78.0,9584756,78.86,79.51,76.75,1.2
2020-05-14,79.87,9956772,77.5,80.0,76.47,1.2
2020-05-15,75.77,29597760,74.67,77.7,74.37,1.2
2020-05-18,79.94,13196130,77.27,80.18,77.21,1.2
2020-05-19,78.09,8118408,79.75,80.15,78.0,1.2
2020-05-20,80.63,11379190,79.96,81.96,79.69,1.2
2020-05-21,78.0,8141452,79.47,80.0906,77.8738,1.2
2020-05-22,78.7,5530399,78.26,78.76,77.29,1.2
2020-05-26,78.02,10067340,80.19,80.57,77.775,1.2
2020-05-27,79.29,9125850,78.27,79.32,76.16,1.2
2020-05-28,78.11,11170860,80.24,81.48,77.73,1.2
2020-05-29,80.88,10562460,78.7,81.2,77.9,1.2
2020-06-01,79.73,6477494,79.89,80.48,79.24,1.2
2020-06-02,84.63,13255330,79.93,84.8798,79.91,1.2133333333333334
2020-06-03,84.11,13029320,84.95,85.95,83.62,1.2266666666666666
2020-06-04,86.04,12108970,83.95,86.7,83.95,1.24
2020-06-05,88.55,11882090,88.0,89.48,87.82,1.2533333333333334
2020-06-08,91.37,9748317,89.0,91.5,88.34,1.2933333333333332
2020-06-09,89.75,7327712,90.23,90.39,89.06,1.3066666666666666
2020-06-10,91.01,9079720,90.25,92.14,90.03,1.32
2020-06-11,84.02,15241700,88.62,89.055,83.91,1.3333333333333333
2020-06-12,85.24,10113210,86.25,87.14,83.53,1.3466666666666667
2020-06-15,86.39,9861051,83.67,86.57,83.1,1.3866666666666667
2020-06-16,89.52,12646620,89.9,90.44,87.76,1.4
2020-06-17,89.94,7620251,90.68,91.085,89.3,1.4133333333333333
2020-06-18,89.92,5709537,89.85,90.49,89.03,1.4266666666666667
2020-06-19,88.81,23213760,89.87,90.25,87.535,1.44
2020-06-22,89.13,8028040,88.72,89.44,87.61,1.48
2020-06-23,89.35,7778700,90.14,90.61,89.11,1.4933333333333334
2020-06-24,89.14,8208755,89.175,89.83,87.42,1.5066666666666668
2020-06-25,88.96,7062645,88.7,89.46,87.32,1.52
2020-06-26,88.02,9126471,89.07,89.73,87.54,1.5333333333333334
2020-06-29,89.01,5870389,88.211,89.15,86.68,1.5733333333333335
2020-06-30,91.21,9378521,89.2,91.93,89.0,1.5866666666666667
2020-07-01,89.78,6990619,91.01,91.3,89.58,1.6
2020-07-02,91.87,8317278,91.09,92.5,90.8,1.603225806451613
2020-07-06,92.92,6933086,93.21,93.75,92.1,1.6161290322580646
2020-07-07,92.14,6722402,92.97,93.55,91.91,1.6193548387096774
2020-07-08,93.53,6692687,93.27,93.6,92.34,1.6225806451612903
2020-07-09,93.25,6287666,93.95,93.95,91.44,1.6258064516129034
2020-07-10,92.51,5687563,93.0,93.52,91.56,1.6290322580645162
2020-07-13,91.33,7606351,93.3,94.125,91.2,1.6387096774193548
2020-07-14,92.38,6570953,90.86,92.62,89.2,1.6419354838709679
2020-07-15,92.55,6154056,92.93,92.93,91.01,1.6451612903225807
2020-07-16,91.2,6178667,91.264,91.747,90.68,1.6483870967741936
2020-07-17,92.23,5985862,91.68,92.455,91.0,1.6516129032258065
2020-07-20,93.17,5407473,92.192,93.27,91.3,1.6612903225806452
2020-07-21,92.31,7099738,93.55,93.85,91.81,1.664516129032258
2020-07-22,92.6,4366672,92.74,93.29,91.67,1.667741935483871
2020-07-23,89.67,9438516,92.91,92.97,89.2287,1.6709677419354838
2020-07-24,88.89,9519999,89.21,90.29,87.51,1.6741935483870967
2020-07-27,92.7,8021665,90.023,92.84,89.26,1.6838709677419355
2020-07-28,91.45,5818417,92.171,92.59,90.57,1.6870967741935483
2020-07-29,93.03,11453040,92.08,93.62,91.74,1.6903225806451612
2020-07-30,107.19,42122510,102.42,107.69,100.7,1.6935483870967742
2020-07-31,105.61,16770270,105.66,107.753,104.51,1.696774193548387
2020-08-03,109.59,18903470,107.4,113.0,107.0341,1.7
2020-08-04,110.95,10205400,109.49,111.02,108.66,1.7
2020-08-05,111.39,7970393,111.0,112.46,110.08,1.7
2020-08-06,111.06,6392228,111.23,111.36,109.93,1.7
2020-08-07,108.25,11155940,110.01,111.05,106.0,1.7
2020-08-10,106.36,10087130,108.6,108.99,105.7226,1.7
2020-08-11,108.83,17802960,106.2,112.01,104.74,1.7
2020-08-12,115.79,18672310,110.39,116.25,109.65,1.7
2020-08-13,113.41,9958426,116.2,116.2,112.77,1.7
2020-08-14,113.74,6640963,113.3,114.52,112.57,1.7
2020-08-17,112.18,10282990,113.29,114.49,110.63,1.7
2020-08-18,112.03,6387011,112.91,113.38,111.52,1.7
2020-08-19,111.04,7747599,112.33,113.47,110.75,1.7
2020-08-20,110.66,7200318,110.0,110.98,109.67,1.7
2020-08-21,113.0,8546881,110.23,113.15,109.95,1.7
2020-08-24,115.91,10235000,114.37,116.0,113.27,1.7
2020-08-25,115.95,6207980,116.11,117.1,114.44,1.7
2020-08-26,116.04,7487404,116.25,116.55,115.17,1.7
2020-08-27,116.02,8206185,116.43,118.18,115.35,1.7
2020-08-28,118.2,6280250,116.71,118.26,116.17,1.7
2020-08-31,119.1,9694649,118.332,121.06,118.12,1.7
2020-09-01,122.01,9101301,121.08,122.57,119.51,1.7
2020-09-02,123.18,9167699,123.26,123.9299,121.81,1.6966666666666665
2020-09-03,116.43,13560800,121.3,121.71,115.6,1.6933333333333334
2020-09-04,115.97,11064280,115.69,117.82,112.38,1.69
2020-09-08,109.77,10245170,111.94,113.88,109.62,1.6766666666666667
2020-09-09,114.02,9708449,113.48,115.77,112.3,1.6733333333333333
2020-09-10,112.44,6166312,115.15,115.81,111.57,1.67
2020-09-11,113.42,6740182,113.38,114.845,112.4,1.6666666666666667
2020-09-14,113.46,5397303,115.24,115.43,112.65,1.6566666666666667
2020-09-15,116.58,8773740,114.94,117.81,114.79,1.6533333333333333
2020-09-16,114.56,6342106,118.0,118.0,114.54,1.65
2020-09-17,114.88,7418146,111.92,115.6999,111.0,1.6466666666666667
2020-09-18,110.69,15443200,115.04,115.43,109.8,1.6433333333333333
2020-09-21,111.92,8197611,109.16,112.14,108.3,1.6333333333333333
2020-09-22,113.82,6911176,112.61,114.25,110.415,1.6300000000000001
2020-09-23,110.57,6553322,113.64,113.93,110.07,1.6266666666666667
2020-09-24,112.19,6848958,109.39,113.29,109.24,1.6233333333333333
2020-09-25,114.5,11717990,113.55,115.75,111.8,1.62
2020-09-28,118.47,9043578,115.96,118.7391,114.92,1.61
2020-09-29,117.38,5687851,118.14,119.25,117.2,1.6066666666666667
2020-09-30,117.68,5829731,117.5,119.255,116.9238,1.6033333333333335
2020-10-01,119.52,5316766,119.93,120.205,117.7,1.6
2020-10-02,115.47,5834337,116.78,118.66,115.43,1.6
2020-10-05,120.52,5835936,116.9,120.65,116.73,1.6
2020-10-06,119.54,7636963,120.45,122.52,119.1,1.6
2020-10-07,123.03,7410347,121.235,123.36,120.65,1.6
2020-10-08,122.34,4757536,124.0,124.43,121.84,1.6
2020-10-09,124.87,11073410,123.93,125.89,122.79,1.6
2020-10-12,126.69,7893835,127.6996,127.6996,124.9523,1.6
2020-10-13,127.46,7605706,127.47,128.18,125.4,1.6
2020-10-14,129.88,13183610,129.08,132.42,128.93,1.6
2020-10-15,128.58,7377948,127.3,129.135,126.65,1.6
2020-10-16,129.03,6626992,129.7,130.19,127.735,1.6
2020-10-19,128.42,5765840,130.127,131.96,127.7,1.6
2020-10-20,128.3,4413343,129.18,129.33,127.51,1.6
2020-10-21,128.55,4343992,128.04,130.42,126.37,1.6
2020-10-22,128.38,3897002,129.51,129.59,126.86,1.6
2020-10-23,128.88,3943056,128.59,129.1,127.1,1.6
2020-10-26,126.2,6065923,127.53,128.67,124.4,1.6
2020-10-27,125.91,5825518,126.51,126.96,125.19,1.6
2020-10-28,121.58,8234821,123.5,123.82,121.05,1.6
2020-10-29,126.44,7053259,122.06,127.69,121.89,1.6
2020-10-30,123.36,7814462,123.68,125.245,121.6,1.6
2020-11-02,123.97,5860276,124.5,126.17,122.41,1.6
2020-11-03,125.45,5832837,125.44,126.92,124.69,1.6
2020-11-04,128.97,12608900,129.325,129.57,126.07,1.6
2020-11-05,145.41,27910880,145.819,148.8,141.83,1.6
2020-11-06,145.01,7278458,146.01,146.232,143.96,1.6
2020-11-09,142.61,10666300,149.41,149.41,142.44,1.6
2020-11-10,140.11,12019880,140.148,143.17,138.53,1.6
2020-11-11,147.69,10222700,144.5,148.09,144.0,1.6
2020-11-12,143.91,8585640,147.57,148.51,143.07,1.6
2020-11-13,144.26,5902150,145.538,146.25,143.23,1.6
2020-11-16,149.07,7598487,145.2,149.25,144.55,1.6
2020-11-17,148.74,7438646,149.02,149.85,147.1836,1.6
2020-11-18,147.05,12124510,149.24,153.33,146.91,1.6
2020-11-19,147.53,7743707,146.561,149.3,145.46,1.6
2020-11-20,146.03,5555858,148.28,149.1,145.94,1.6
2020-11-23,143.82,11654920,142.35,147.0,141.8801,1.6
2020-11-24,145.93,10807320,143.39,146.33,141.11,1.6
2020-11-25,144.08,6398910,145.95,147.49,144.04,1.6
2020-11-27,143.83,3878048,145.49,146.43,143.7,1.6
2020-11-30,147.17,8712502,144.63,147.29,144.05,1.6
2020-12-01,151.26,11910500,148.79,152.39,147.7943,1.6
2020-12-02,149.98,7800326,150.51,151.49,149.62,1.5935483870967744
2020-12-03,149.91,6355269,151.04,152.7739,149.64,1.5870967741935484
2020-12-04,157.62,12759950,150.3,158.09,150.0,1.5806451612903227
2020-12-07,158.02,7009334,158.55,158.97,156.71,1.5612903225806452
2020-12-08,158.8,6088312,157.46,159.29,155.874,1.5548387096774194
2020-12-09,156.02,7947152,158.6,161.07,155.55,1.5483870967741935
2020-12-10,155.75,7522238,154.42,157.85,152.73,1.5419354838709678
2020-12-11,144.28,25923150,149.24,150.27,141.8901,1.535483870967742
2020-12-14,146.29,12258490,144.9,147.75,143.33,1.5161290322580645
2020-12-15,148.36,6619794,149.37,149.915,147.1,1.5096774193548388
2020-12-16,149.74,6610887,149.14,150.44,146.71,1.5032258064516129
2020-12-17,149.53,7039049,150.865,151.23,148.38,1.4967741935483871
2020-12-18,147.42,13288320,150.7947,150.7947,146.1238,1.4903225806451612
2020-12-21,146.8,7024570,145.005,147.36,144.41,1.4709677419354839
2020-12-22,146.34,5753843,146.611,147.03,144.72,1.464516129032258
2020-12-23,146.96,5186736,147.63,151.54,146.87,1.4580645161290322
2020-12-24,148.79,2120165,147.8,148.9,147.2,1.4516129032258065
2020-12-28,147.74,4576625,150.62,151.07,147.44,1.4258064516129032
2020-12-29,148.49,3543794,148.97,148.99,147.03,1.4193548387096773
2020-12-30,149.95,3965615,149.12,151.61,148.9227,1.4129032258064516
2020-12-31,152.34,4941702,150.322,152.56,150.1,1.4064516129032256
2021-01-04,148.5,9826976,153.01,155.15,147.1388,1.3903225806451611
2021-01-05,152.43,8507227,148.65,152.7,148.5,1.3870967741935483
2021-01-06,151.19,7174615,151.53,153.87,149.47,1.3838709677419354
2021-01-07,155.7,8482308,152.33,156.42,152.26,1.3806451612903226
2021-01-08,156.64,6252391,157.23,157.53,154.54,1.3774193548387097
2021-01-11,156.11,5148685,156.1,158.13,154.92,1.367741935483871
2021-01-12,154.45,4385653,156.64,156.87,153.96,1.364516129032258
2021-01-13,157.42,5479883,155.19,157.9281,153.65,1.3612903225806452
2021-01-14,160.85,10102400,159.397,163.18,158.5,1.3580645161290321
2021-01-15,157.09,8607363,160.77,160.86,156.88,1.3548387096774193
2021-01-19,163.77,8208973,158.94,164.1,158.45,1.3419354838709678
2021-01-20,164.6,7943314,164.72,167.94,164.44,1.3387096774193548
2021-01-21,164.75,6306238,165.805,166.49,163.34,1.335483870967742
2021-01-22,162.42,5062340,164.0,164.2744,161.52,1.332258064516129
2021-01-25,164.4,5370818,164.32,167.045,161.73,1.3225806451612903
2021-01-26,162.55,6554240,164.2,164.65,160.91,1.3193548387096774
2021-01-27,153.67,9854009,158.49,160.73,152.69,1.3161290322580645
2021-01-28,155.55,8087365,156.28,158.97,153.11,1.3129032258064517
2021-01-29,156.28,9502087,160.247,160.635,154.75,1.3096774193548388
2021-02-01,161.58,8265129,157.37,162.4,156.49,1.3
2021-02-02,164.78,6926487,164.51,165.38,161.3,1.3107142857142857
2021-02-03,162.3,14156670,167.577,167.58,161.8,1.3214285714285714
2021-02-04,147.97,46141760,150.18,151.78,145.2,1.3321428571428573
2021-02-05,145.84,24695400,148.85,148.9,144.62,1.342857142857143
2021-02-08,147.38,12181640,147.1,147.6,145.3,1.375
2021-02-09,146.11,11681310,147.55,148.5,145.9,1.3857142857142857
2021-02-10,145.5,11701310,147.62,147.75,144.37,1.3964285714285716
2021-02-11,145.56,11600210,145.78,146.57,143.53,1.4071428571428573
2021-02-12,147.98,9155244,145.57,151.4,144.865,1.417857142857143
2021-02-16,147.16,10211880,149.0,149.74,146.06,1.4607142857142859
2021-02-17,144.75,11950270,145.825,146.89,143.4204,1.4714285714285715
2021-02-18,143.91,8411408,143.54,144.7,142.96,1.4821428571428572
2021-02-19,144.94,10012500,144.78,145.85,143.49,1.4928571428571429
2021-02-22,139.46,12763910,142.25,144.12,139.08,1.5250000000000001
2021-02-23,137.12,14425300,136.38,138.48,134.44,1.5357142857142858
2021-02-24,141.1,13146250,136.4,141.18,135.0924,1.5464285714285715
2021-02-25,135.53,12701090,139.56,140.83,135.02,1.5571428571428572
2021-02-26,136.19,11772560,136.76,138.15,134.7,1.567857142857143
2021-03-01,139.49,9428359,137.5,139.63,136.46,1.6
2021-03-02,137.04,8693234,140.0,140.1,136.77,1.6451612903225807
2021-03-03,131.66,14862730,135.6,136.1801,131.54,1.6903225806451614
2021-03-04,127.8,15831070,132.35,134.2,126.58,1.735483870967742
2021-03-05,129.75,13292040,130.92,131.166,125.4,1.7806451612903227
2021-03-08,123.2,15256060,129.0,129.7713,122.99,1.9161290322580646
2021-03-09,129.11,13130250,127.385,129.92,126.33,1.9612903225806453
2021-03-10,127.87,12492300,130.67,131.1,127.64,2.0064516129032257
2021-03-11,131.74,11920180,131.01,133.24,130.01,2.0516129032258066
2021-03-12,129.98,9365665,129.9,130.33,127.62,2.096774193548387
2021-03-15,131.64,7810042,130.06,131.76,129.12,2.232258064516129
2021-03-16,133.65,10434700,132.89,135.44,132.293,2.2774193548387096
2021-03-17,133.92,10781520,131.31,135.6,129.68,2.3225806451612905
2021-03-18,129.75,9587535,132.44,133.6,129.66,2.367741935483871
2021-03-19,131.02,17599880,129.79,132.48,129.17,2.412903225806452
2021-03-22,134.09,9036884,132.96,135.55,132.595,2.5483870967741935
2021-03-23,132.52,7425650,134.0,134.355,131.4119,2.5935483870967744
2021-03-24,127.18,10962260,132.99,133.06,127.11,2.638709677419355
2021-03-25,127.28,10460760,126.66,127.6384,124.39,2.6838709677419352
2021-03-26,132.99,11071560,127.06,133.35,127.04,2.729032258064516
2021-03-29,131.27,9750057,132.54,133.34,129.77,2.864516129032258
2021-03-30,130.11,7097298,130.17,131.24,129.065,2.9096774193548387
2021-03-31,132.59,8361293,130.96,133.52,130.57,2.9548387096774196
2021-04-01,137.79,14069560,134.5,138.4321,133.6,3.0
2021-04-05,140.33,12562770,139.04,140.5,138.23,3.1066666666666665
2021-04-06,138.06,9099981,139.85,140.23,137.635,3.1333333333333333
2021-04-07,139.43,6958516,138.33,139.95,137.4,3.16
2021-04-08,140.34,7304948,140.0,140.37,138.81,3.1866666666666665
2021-04-09,140.57,6033171,139.904,140.68,138.88,3.2133333333333334
2021-04-12,137.44,10355530,138.86,139.89,136.05,3.2933333333333334
2021-04-13,137.3,9225208,138.38,138.77,135.75,3.32
2021-04-14,134.75,9967790,137.08,137.84,133.91,3.3466666666666667
2021-04-15,137.84,11733240,136.0,137.99,135.57,3.373333333333333
2021-04-16,138.21,6583895,137.62,139.005,136.65,3.4
2021-04-19,135.25,8728948,136.9,137.05,134.085,3.48
2021-04-20,133.4,7473703,134.55,134.78,132.79,3.506666666666667
2021-04-21,136.19,7237924,132.82,136.365,132.5,3.533333333333333
2021-04-22,132.97,8345144,135.37,135.96,132.47,3.56
2021-04-23,135.43,7669057,133.74,136.1064,133.535,3.5866666666666664
2021-04-26,138.96,9715383,135.33,139.69,135.12,3.6666666666666665
2021-04-27,138.01,9284499,138.71,139.38,136.98,3.6933333333333334
2021-04-28,136.57,13118140,138.17,138.2731,135.75,3.7199999999999998
2021-04-29,142.68,20502140,145.01,145.2965,140.67,3.7466666666666666
2021-04-30,138.8,11374600,141.07,142.09,138.26,3.7733333333333334
2021-05-03,137.43,7920307,139.7,139.76,136.87,3.8451612903225807
2021-05-04,134.12,11996280,136.0,136.0,132.42,3.867741935483871
2021-05-05,134.65,6285459,136.08,136.45,134.11,3.890322580645161
2021-05-06,136.0,8352536,134.49,136.54,133.095,3.9129032258064513
2021-05-07,137.85,6893704,136.937,138.69,136.29,3.935483870967742
2021-05-10,128.94,19537230,136.02,136.68,128.82,4.003225806451613
2021-05-11,128.37,11947960,125.25,128.56,124.77,4.025806451612903
2021-05-12,124.62,13529630,126.029,127.13,123.68,4.048387096774193
2021-05-13,127.11,10635090,127.12,128.48,125.87,4.070967741935484
2021-05-14,130.15,9391122,128.63,131.42,127.81,4.093548387096774
2021-05-17,129.8,5913245,129.29,129.83,127.71,4.161290322580645
2021-05-18,128.91,8651133,130.64,131.24,128.79,4.183870967741935
2021-05-19,130.66,8112930,127.185,130.83,126.45,4.2064516129032254
2021-05-20,132.64,9208354,131.529,133.28,131.46,4.229032258064516
2021-05-21,131.46,8673957,132.14,132.6897,130.49,4.251612903225807
2021-05-24,132.91,8229331,131.33,134.0,131.33,4.319354838709677
2021-05-25,133.75,7271428,133.54,134.3,132.8,4.341935483870968
2021-05-26,133.09,6663325,133.87,134.52,132.22,4.364516129032258
2021-05-27,133.64,7379260,132.73,134.64,132.71,4.387096774193548
2021-05-28,134.54,7044084,134.154,135.64,133.95,4.409677419354839
2021-06-01,133.94,7059614,135.104,136.07,133.53,4.5
2021-06-02,133.82,6025988,133.18,134.73,132.47,4.493333333333333
2021-06-03,131.78,6643997,132.65,133.39,131.42,4.486666666666666
2021-06-04,134.34,7416675,132.525,135.05,132.2,4.48
2021-06-07,133.32,5563253,133.7,133.77,132.64,4.46
2021-06-08,134.2,9657889,134.06,135.3895,133.0,4.453333333333333
2021-06-09,132.89,6717243,135.105,135.35,132.79,4.446666666666666
2021-06-10,134.22,5522273,133.05,135.1,132.58,4.4399999999999995
2021-06-11,134.62,6529894,133.8,134.65,133.65,4.433333333333334
2021-06-14,137.31,7912621,135.195,137.31,134.7869,4.413333333333333
2021-06-15,135.58,5723574,137.14,137.38,135.23,4.406666666666666
2021-06-16,134.95,7404737,136.47,137.05,133.66,4.4
2021-06-17,135.35,6618346,134.31,136.62,134.09,4.3933333333333335
2021-06-18,133.0,12753570,134.55,134.58,132.24,4.386666666666667
2021-06-21,133.96,6371423,133.05,135.1,132.66,4.366666666666666
2021-06-22,135.08,5976376,134.22,135.31,133.29,4.359999999999999
2021-06-23,135.52,6613763,134.89,136.23,134.81,4.3533333333333335
2021-06-24,137.92,7941660,136.619,138.51,136.35,4.346666666666667
2021-06-25,137.65,7949190,138.45,139.47,136.97,4.34
2021-06-28,139.72,6645474,138.23,140.17,137.98,4.32
2021-06-29,142.62,6885355,139.632,142.95,139.25,4.3133333333333335
2021-06-30,142.93,6449659,142.35,143.628,141.84,4.306666666666667
2021-07-01,140.8,6094085,142.91,143.02,140.35,4.3
2021-07-02,142.58,5399721,141.99,142.68,141.25,4.290322580645161
2021-07-06,141.19,7095210,143.0,143.18,139.68,4.251612903225806
2021-07-07,139.97,5034862,142.24,142.36,139.0612,4.241935483870968
2021-07-08,138.29,7501092,137.72,138.87,135.6,4.232258064516129
2021-07-09,141.43,7356808,137.89,141.73,137.81,4.22258064516129
2021-07-12,142.47,6786522,141.4,143.02,141.2,4.193548387096774
2021-07-13,141.18,5657645,142.44,142.66,140.42,4.183870967741935
2021-07-14,143.75,11305730,143.5,146.34,142.5,4.174193548387096
2021-07-15,141.46,6667440,144.12,144.14,140.72,4.164516129032258
2021-07-16,139.71,5914325,141.87,142.51,139.53,4.154838709677419
2021-07-19,138.79,9371342,138.325,138.895,136.81,4.125806451612903
2021-07-20,139.55,6020445,139.02,140.42,137.2,4.116129032258065
2021-07-21,142.17,6162215,139.65,142.22,139.65,4.106451612903226
2021-07-22,142.44,3862571,142.0,142.85,141.5,4.096774193548387
2021-07-23,144.88,6310362,143.45,144.99,142.03,4.087096774193548
2021-07-26,143.5,6253904,143.95,144.3781,142.24,4.058064516129032
2021-07-27,140.93,7575761,142.49,143.0,138.21,4.048387096774194
2021-07-28,142.44,9303418,141.27,142.91,140.14,4.038709677419355
2021-07-29,150.99,19446920,146.5,151.52,146.41,4.029032258064516
2021-07-30,149.8,8404794,149.2,150.41,148.36,4.019354838709678
2021-08-02,148.86,10823830,150.0,152.28,148.21,4.0
2021-08-03,147.95,6223384,148.91,149.58,146.56,4.0
2021-08-04,148.22,5556400,148.02,149.2,147.33,4.0
2021-08-05,146.83,7169204,147.24,147.47,144.5673,4.0
2021-08-06,146.28,5733256,146.13,148.23,145.92,4.0
2021-08-09,146.92,4966607,146.79,147.7178,145.75,4.0
2021-08-10,145.87,4197116,147.32,147.5,142.4,4.0
2021-08-11,146.68,6215983,146.06,146.79,144.4,4.0
2021-08-12,147.15,5778056,147.76,148.0,146.39,4.0
2021-08-13,148.64,5764041,147.0,149.31,146.93,4.0
2021-08-16,148.13,4410945,148.4,149.08,146.72,4.0
2021-08-17,144.41,7256805,146.95,147.0,143.5701,4.0
2021-08-18,142.18,6546524,143.84,144.655,141.98,4.0
2021-08-19,140.61,8660978,140.65,141.45,138.96,4.0
2021-08-20,142.09,6140962,140.61,142.26,140.3,4.0
2021-08-23,144.14,6936893,142.653,144.61,142.35,4.0
2021-08-24,144.46,7066814,144.59,145.5925,143.8433,4.0
2021-08-25,143.87,5721635,144.46,145.43,143.465,4.0
2021-08-26,142.38,6825131,143.19,143.76,141.62,4.0
2021-08-27,144.85,6274499,142.2,144.95,141.92,4.0
2021-08-30,145.94,5263612,145.59,147.86,145.555,4.0
2021-08-31,146.69,7820509,146.8,147.53,144.56,4.0
2021-09-01,146.45,6451408,146.84,148.1,146.22,4.0
2021-09-02,145.12,6007588,146.7,146.89,144.51,4.02
2021-09-03,144.63,5506586,145.12,145.99,144.2301,4.04
2021-09-07,143.75,6362270,144.675,144.76,143.12,4.12
2021-09-08,142.52,5981277,143.36,143.62,141.49,4.14
2021-09-09,141.58,6190783,142.47,143.54,141.45,4.16
2021-09-10,142.68,6263271,143.13,146.0,142.54,4.18
2021-09-13,143.41,4312803,144.02,144.73,142.03,4.24
2021-09-14,141.14,6442067,144.47,144.81,140.62,4.26
2021-09-15,138.24,11289100,140.805,141.0,137.52,4.279999999999999
2021-09-16,138.4,6719871,137.32,138.96,137.32,4.3
2021-09-17,133.6,14550480,137.81,138.0,133.14,4.319999999999999
2021-09-20,132.76,9647058,131.47,133.12,130.61,4.38
2021-09-21,131.75,6175312,133.587,133.91,131.28,4.3999999999999995
2021-09-22,133.01,5163043,132.59,133.49,131.98,4.42
2021-09-23,133.91,5918870,133.75,135.16,133.22,4.4399999999999995
2021-09-24,133.88,4554621,133.11,134.55,132.8001,4.46
2021-09-27,133.48,4319466,132.43,134.04,132.02,4.52
2021-09-28,129.9,8851657,131.75,132.7399,129.7,4.539999999999999
2021-09-29,129.28,7037221,130.59,131.45,128.89,4.56
2021-09-30,128.98,6982505,130.35,131.08,128.695,4.58
2021-10-01,128.71,6863724,129.8,130.02,126.47,4.6
2021-10-04,126.68,8470312,128.92,129.79,125.92,4.629032258064516
2021-10-05,127.53,9244310,126.13,128.77,125.69,4.638709677419355
2021-10-06,128.06,8513727,126.55,128.27,126.07,4.648387096774194
2021-10-07,127.84,8010556,129.265,130.72,127.59,4.658064516129032
2021-10-08,126.55,6920524,128.5912,128.5912,126.21,4.667741935483871
2021-10-11,124.94,6288235,126.055,127.23,124.88,4.696774193548387
2021-10-12,122.95,10531460,125.38,125.47,122.165,4.7064516129032254
2021-10-13,125.04,12380250,125.2,126.3199,123.52,4.716129032258064
2021-10-14,128.66,10639840,126.16,129.3,125.99,4.725806451612903
2021-10-15,130.2,7609677,129.02,130.4763,128.68,4.735483870967742
2021-10-18,130.12,5289973,129.32,130.27,128.2404,4.764516129032258
2021-10-19,132.5,7330727,131.017,132.8,130.32,4.774193548387097
2021-10-20,132.16,4804076,132.5,133.005,131.261,4.783870967741936
2021-10-21,133.05,4579172,132.0,133.26,131.4,4.7935483870967746
2021-10-22,131.62,5216154,132.9,133.69,131.43,4.803225806451613
2021-10-25,131.93,4876260,131.82,133.17,131.3,4.832258064516129
2021-10-26,131.94,5802241,132.9,133.788,131.066,4.841935483870968
2021-10-27,131.2,5090364,131.94,132.36,130.51,4.851612903225806
2021-10-28,133.69,5016737,131.99,133.83,131.87,4.861290322580645
2021-10-29,133.04,5251108,132.862,133.68,132.45,4.870967741935484
2021-11-01,134.81,6903023,132.44,134.87,132.44,4.9
2021-11-02,135.23,7321923,134.55,135.73,134.12,4.92
2021-11-03,138.48,13216020,135.75,138.85,135.04,4.94
2021-11-04,156.11,48321480,156.325,159.58,153.3,4.96
2021-11-05,163.03,27226580,157.075,168.55,155.91,4.98
2021-11-08,165.85,14541400,163.21,167.71,161.2775,5.04
2021-11-09,166.74,12353900,166.51,169.52,164.38,5.0600000000000005
2021-11-10,159.8,11327140,165.09,166.12,159.03,5.08
2021-11-11,164.42,7624181,161.8,165.5649,161.39,5.1000000000000005
2021-11-12,164.94,7370988,165.0,166.02,164.33,5.12
2021-11-15,168.51,12350190,166.5,169.94,165.81,5.18
2021-11-16,181.81,33338220,168.11,183.73,167.06,5.2
2021-11-17,183.54,21678880,180.79,186.33,178.63,5.22
2021-11-18,186.32,15542570,185.24,188.7221,182.75,5.24
2021-11-19,185.0,11891470,184.69,186.6,182.3,5.26
2021-11-22,181.4,16062820,181.11,188.77,180.98,5.32
2021-11-23,180.94,10698650,180.34,181.33,177.02,5.34
2021-11-24,180.71,7886158,179.52,180.78,177.33,5.36
2021-11-26,175.74,7835917,175.665,180.25,175.06,5.4
2021-11-29,183.74,10440510,179.48,184.07,179.0,5.46
2021-11-30,180.56,19309180,183.22,186.81,180.34,5.48
2021-12-01,175.63,10670610,180.885,183.15,175.32,5.5
2021-12-02,177.03,13101410,172.09,177.89,171.21,5.5
2021-12-03,176.51,12111800,178.04,180.27,173.71,5.5
2021-12-06,175.45,8577475,176.88,176.9802,172.27,5.5
2021-12-07,183.72,9910069,179.07,184.78,178.5,5.5
2021-12-08,182.63,4799371,183.01,183.72,180.78,5.5
2021-12-09,182.26,9398943,181.77,187.84,181.51,5.5
2021-12-10,183.88,6854798,185.55,185.55,181.15,5.5
2021-12-13,183.32,16346800,186.85,191.3,183.11,5.5
2021-12-14,181.98,8542798,181.2,183.9,179.41,5.5
2021-12-15,189.28,11082020,183.97,189.78,179.98,5.5
2021-12-16,178.15,14872970,190.304,192.68,176.11,5.5
2021-12-17,176.8,16264960,175.725,180.1195,175.02,5.5
2021-12-20,176.67,6306381,174.29,177.08,173.46,5.5
2021-12-21,179.58,7702376,179.38,180.15,174.22,5.5
2021-12-22,181.38,5227183,179.0,181.52,177.63,5.5
2021-12-23,182.74,4918896,181.53,183.71,181.38,5.5
2021-12-27,186.33,4867720,183.21,186.41,183.02,5.5
2021-12-28,184.82,5402761,186.59,186.73,183.49,5.5
2021-12-29,186.2,5417175,184.685,187.39,184.56,5.5
2021-12-30,182.73,4108415,185.88,186.5199,182.31,5.5
2021-12-31,182.87,4113292,183.31,185.145,182.6,5.5
2022-01-03,186.21,6004749,182.91,186.88,182.24,5.5
2022-01-04,187.23,8484173,187.0,188.93,181.01,5.5
2022-01-05,186.5,17141230,186.5,193.58,184.73,5.5
2022-01-06,185.95,9117654,184.52,188.47,183.0,5.5
2022-01-07,180.41,7386150,186.6,188.3582,180.12,5.5
2022-01-10,179.68,11159270,178.27,180.0,173.76,5.5
2022-01-11,185.4,9590950,179.19,185.65,177.22,5.5
2022-01-12,186.42,7317544,186.6,189.46,185.1852,5.5
2022-01-13,183.89,10190900,188.7,191.58,183.285,5.5
2022-01-14,188.69,9587265,182.8,190.09,182.01,5.5
2022-01-18,178.86,10483100,185.87,186.0,178.27,5.5
2022-01-19,172.47,10082730,180.57,181.2099,172.27,5.5
2022-01-20,166.5,9468486,174.53,174.99,166.29,5.5
2022-01-21,164.93,11898690,166.24,172.04,164.57,5.5
2022-01-24,170.07,17531650,162.18,170.82,158.6037,5.5
2022-01-25,165.45,10708460,166.17,170.32,161.2,5.5
2022-01-26,167.0,10492240,168.58,174.55,163.9,5.5
2022-01-27,161.2,10743020,169.31,171.45,160.61,5.5
2022-01-28,166.81,10320820,162.01,166.94,157.38,5.5
2022-01-31,175.76,11273470,167.06,175.95,165.8,5.5
2022-02-01,177.13,9724551,176.4447,177.4292,173.105,5.5
2022-02-02,188.2,25646260,180.94,188.64,180.26,5.5
2022-02-03,179.1,36120200,180.8,192.1,177.29,5.5
2022-02-04,179.47,15708360,178.99,182.41,176.81,5.5
2022-02-07,175.09,10376350,179.665,180.65,174.44,5.5
2022-02-08,178.59,10163940,174.305,179.2899,173.98,5.5
2022-02-09,183.95,9666910,181.4,184.0,178.95,5.5
2022-02-10,174.07,14362160,179.4,181.99,173.45,5.5
2022-02-11,164.64,13572010,174.7,175.48,163.55,5.5
2022-02-14,165.13,8381702,165.35,167.85,162.48,5.5
2022-02-15,173.0,11103160,169.0,173.96,168.25,5.5
2022-02-16,172.6,8340579,170.68,173.2083,168.26,5.5
2022-02-17,166.8,8878864,169.875,170.77,166.7,5.5
2022-02-18,167.64,9591679,167.47,170.445,164.24,5.5
2022-02-22,165.89,9835460,164.059,169.96,163.6,5.5
2022-02-23,161.62,9748987,166.65,169.16,161.32,5.5
2022-02-24,167.98,12566980,156.89,168.36,155.79,5.5
2022-02-25,170.93,7350249,167.61,171.09,165.6,5.5
2022-02-28,171.99,10638870,168.3,172.99,168.2,5.5
2022-03-01,163.69,10723340,170.96,171.84,161.72,5.5
2022-03-02,169.25,7299414,165.25,170.49,164.35,5.5
2022-03-03,165.35,8553861,170.67,170.825,164.5,5.5
2022-03-04,162.26,9059191,163.85,166.07,159.89,5.5
2022-03-07,150.1,13416100,162.32,163.16,150.0,5.5
2022-03-08,150.76,11878440,150.66,158.34,147.88,5.5
2022-03-09,157.11,9276774,156.01,158.48,154.17,5.5
2022-03-10,154.71,8888772,154.04,155.3,150.33,5.5
2022-03-11,152.34,7394419,157.95,158.32,152.02,5.5
2022-03-14,141.29,16154170,150.8,151.29,140.465,5.5
2022-03-15,144.21,13892970,142.5,144.43,139.05,5.5
2022-03-16,150.45,11727730,146.965,151.56,143.57,5.5
2022-03-17,152.83,8602938,149.19,152.94,146.58,5.5
2022-03-18,153.99,18454200,152.52,156.03,149.01,5.5
2022-03-21,155.59,8986357,153.99,157.71,152.81,5.5
2022-03-22,157.61,7220508,155.45,159.94,154.77,5.5
2022-03-23,152.87,7245568,156.11,157.21,152.58,5.5
2022-03-24,158.46,9261010,154.3,158.56,153.59,5.5
2022-03-25,157.97,7203782,157.97,158.46,155.18,5.5
2022-03-28,158.45,9470796,156.5,158.5,154.05,5.5
2022-03-29,161.07,10212360,161.21,161.3,156.65,5.5
2022-03-30,152.73,14777760,159.39,160.27,151.79,5.5
2022-03-31,152.82,13364240,152.885,155.14,151.03,5.5
2022-04-01,146.99,19762140,151.94,152.87,142.5648,5.5
2022-04-04,153.81,12143570,147.74,154.13,146.66,5.5
2022-04-05,145.46,15946150,151.81,152.01,145.27,5.5
2022-04-06,139.28,21054220,142.9,143.0,137.46,5.5
2022-04-07,139.22,10201210,139.79,141.49,136.92,5.5
2022-04-08,136.69,12992460,138.54,139.96,136.36,5.5
2022-04-11,135.36,11210360,134.292,137.61,133.69,5.5
2022-04-12,136.09,10591330,137.92,140.16,135.5,5.5
2022-04-13,140.5,10440840,137.54,142.59,136.48,5.5
2022-04-14,136.91,8002591,141.05,141.56,136.68,5.5
